0.200000, 9, 11, 16, 10, 14
0.200000, 15, 1
0.200000, 2, 13, 7, 3, 6, 5
0.200000, 8, 12, 17, 4
0.200000, 18
0.200000, 18
0.200000, 18
0.200000, 18
3.200000, 8, 12, 17, 4
3.200000, 2, 13, 7, 3, 6, 5
3.200000, 15, 1
3.200000, 9, 11, 16, 18, 10, 14
6.200000, 15, 1
6.200000, 9, 11, 16, 18, 10, 14
6.200000, 2, 13, 7, 3, 6, 5
6.200000, 8, 12, 17, 4
9.200000, 9, 11, 16, 18, 10, 14
9.200000, 15, 1
9.200000, 2, 13, 7, 3, 6, 5
9.200000, 8, 12, 17, 4
12.200000, 9, 11, 16, 18, 10, 14
12.200000, 8, 12, 17, 4
12.200000, 15, 1
12.200000, 2, 13, 7, 3, 6, 5
15.200000, 9, 11, 16, 18, 10, 14
15.200000, 8, 12, 17, 4
15.200000, 15, 1
15.200000, 2, 13, 7, 3, 6, 5
18.200000, 9, 11, 16, 18, 10, 14
18.200000, 15, 1
18.200000, 8, 12, 17, 4
18.200000, 2, 13, 7, 3, 6, 5
21.200000, 9, 11, 16, 18, 10, 14
21.200000, 15, 1
21.200000, 2, 13, 7, 3, 6, 5
21.200000, 8, 12, 17, 4
24.200000, 9, 11, 16, 18, 10, 14
24.200000, 15, 1
24.200000, 8, 12, 17, 4
24.200000, 2, 13, 7, 3, 6, 5
27.200000, 9, 11, 16, 18, 10, 14
27.200000, 15, 1
27.200000, 2, 13, 7, 3, 6, 5
27.200000, 8, 12, 17, 4
30.200000, 9, 11, 16, 18, 10, 14
30.200000, 8, 12, 17, 4
30.200000, 15, 1
30.200000, 2, 13, 7, 3, 6, 5
33.200000, 9, 11, 16, 18, 10, 14
33.200000, 15, 1
33.200000, 2, 13, 7, 3, 6, 5
33.200000, 8, 12, 17, 4
36.200000, 18
36.200000, 8, 12, 17, 4
36.200000, 15, 9, 11, 16, 1, 10, 14
36.200000, 2, 13, 7, 3, 6, 5
39.200000, 9, 11, 16, 18, 10, 14
39.200000, 15, 1
39.200000, 2, 13, 7, 3, 6, 5
39.200000, 8, 12, 17, 4
42.200000, 9, 11, 16, 18, 10, 14
42.200000, 8, 12, 17, 4
42.200000, 15, 1
42.200000, 2, 13, 7, 3, 6, 5
45.200000, 9, 11, 16, 18, 10, 14
45.200000, 8, 12, 17, 4
45.200000, 15, 1
45.200000, 2, 13, 7, 3, 6, 5
48.200000, 8, 9, 11, 16, 18, 10, 14
48.200000, 12, 17, 4
48.200000, 15, 1
48.200000, 2, 13, 7, 3, 6, 5
51.200000, 15, 9, 11, 16, 18, 10, 14
51.200000, 1
51.200000, 8, 12, 17, 4
51.200000, 2, 13, 7, 3, 6, 5
54.200000, 9, 11, 16, 18, 10, 14
54.200000, 8, 12, 17, 4
54.200000, 15, 1
54.200000, 2, 13, 7, 3, 6, 5
57.200000, 15, 1
57.200000, 2, 13, 7, 3, 6, 5
57.200000, 9, 11, 16, 18, 10, 14
57.200000, 8, 12, 17, 4
60.200000, 8, 12, 17, 4
60.200000, 15, 9, 11, 16, 18, 1, 10, 14
60.200000, 2, 13, 7, 3, 6, 5
63.200000, 9, 11, 16, 18, 10, 14
63.200000, 15, 1
63.200000, 2, 13, 7, 3, 6, 5
63.200000, 8, 12, 17, 4
66.200000, 9, 11, 16, 18, 10, 14
66.200000, 8, 12, 17, 4
66.200000, 15, 1
66.200000, 2, 13, 7, 3, 6, 5
69.200000, 9, 11, 16, 18, 10, 14
69.200000, 15, 1
69.200000, 2, 13, 7, 3, 6, 5
69.200000, 8, 12, 17, 4
72.200000, 9, 11, 16, 18, 10, 14
72.200000, 8, 12, 17, 4
72.200000, 15, 1
72.200000, 2, 13, 7, 3, 6, 5
75.200000, 9, 11, 16, 18, 10, 14
75.200000, 15, 1
75.200000, 2, 13, 7, 3, 6, 5
75.200000, 8, 12, 17, 4
78.200000, 9, 11, 16, 18, 10, 14
78.200000, 8, 12, 17, 4
78.200000, 15, 1
78.200000, 2, 13, 7, 3, 6, 5
81.200000, 9, 11, 16, 18, 10, 14
81.200000, 15, 1
81.200000, 2, 13, 7, 3, 6, 5
81.200000, 8, 12, 17, 4
84.200000, 9, 11, 16, 18, 10, 14
84.200000, 15, 1
84.200000, 2, 13, 7, 3, 6, 5
84.200000, 8, 12, 17, 4
87.200000, 9, 11, 16, 18, 10, 14
87.200000, 8, 12, 17, 4
87.200000, 15, 1
87.200000, 2, 13, 7, 3, 6, 5
90.200000, 9, 11, 16, 18, 10, 14
90.200000, 15, 1
90.200000, 2, 13, 7, 3, 6, 5
90.200000, 8, 12, 17, 4
93.200000, 9, 11, 16, 18, 10, 14
93.200000, 8, 12, 17, 4
93.200000, 15, 1
93.200000, 2, 13, 7, 3, 6, 5
96.200000, 9, 11, 16, 18, 10, 14
96.200000, 15, 1
96.200000, 2, 13, 7, 3, 6, 5
96.200000, 8, 12, 17, 4
99.200000, 9, 11, 16, 18, 10, 14
99.200000, 8, 12, 17, 4
99.200000, 2, 13, 7, 3, 6, 5
99.200000, 15, 1
102.200000, 9, 11, 16, 18, 10, 14
102.200000, 15, 1
102.200000, 2, 13, 7, 3, 6, 5
102.200000, 8, 12, 17, 4
105.200000, 9, 11, 16, 18, 10, 14
105.200000, 8, 12, 17, 4
105.200000, 15, 1
105.200000, 2, 13, 7, 3, 6, 5
108.200000, 9, 11, 16, 18, 10, 14
108.200000, 15, 1
108.200000, 2, 13, 7, 3, 6, 5
108.200000, 8, 12, 17, 4
111.200000, 8, 12, 17, 4
111.200000, 9, 11, 16, 18, 10, 14
111.200000, 15, 1
111.200000, 2, 13, 7, 3, 6, 5
114.200000, 9, 11, 16, 18, 10, 14
114.200000, 15, 1
114.200000, 2, 13, 7, 3, 6, 5
114.200000, 8, 12, 17, 4
117.200000, 8, 12, 17, 4
117.200000, 1
117.200000, 15, 9, 11, 16, 18, 10, 14
117.200000, 2, 13, 7, 3, 6, 5
120.200000, 15, 9, 11, 16, 18, 1, 10, 14
120.200000, 2, 13, 7, 3, 6, 5
120.200000, 8, 12, 17, 4
123.200000, 18
123.200000, 1
123.200000, 2, 15, 13, 9, 11, 7, 16, 3, 10, 14, 6, 5
123.200000, 8, 12, 17, 4
126.200000, 8, 12, 17, 4
126.200000, 1
126.200000, 15, 9, 11, 16, 18, 10, 14
126.200000, 2, 13, 7, 3, 6, 5
129.200000, 2, 13, 7, 3, 6, 5
129.200000, 1
129.200000, 8, 12, 17, 4
129.200000, 15, 9, 11, 16, 18, 10, 14
132.200000, 8, 12, 17, 4
132.200000, 1
132.200000, 2, 13, 7, 3, 6, 5
132.200000, 15, 9, 11, 16, 18, 10, 14
135.200000, 9, 11, 16, 18, 10, 14
135.200000, 8, 12, 17, 4
135.200000, 15, 1
135.200000, 2, 13, 7, 3, 6, 5
138.200000, 2, 13, 7, 3, 6, 5
138.200000, 9, 11, 16, 18, 10, 14
138.200000, 8, 12, 17, 4
138.200000, 15, 1
141.200000, 9, 11, 16, 18, 10, 14
141.200000, 8, 12, 17, 4
141.200000, 15, 1
141.200000, 2, 13, 7, 3, 6, 5
144.200000, 2, 13, 7, 3, 6, 5
144.200000, 15, 1
144.200000, 8, 12, 17, 4
144.200000, 9, 11, 16, 18, 10, 14
147.200000, 9, 11, 16, 18, 10, 14
147.200000, 15, 1
147.200000, 2, 13, 7, 3, 6, 5
147.200000, 8, 12, 17, 4
150.200000, 9, 11, 16, 18, 10, 14
150.200000, 8, 12, 17, 4
150.200000, 15, 1
150.200000, 2, 13, 7, 3, 6, 5
153.200000, 9, 11, 16, 18, 10, 14
153.200000, 15, 1
153.200000, 2, 13, 7, 3, 6, 5
153.200000, 8, 12, 17, 4
156.200000, 8, 12, 17, 4
156.200000, 9, 11, 16, 18, 10, 14
156.200000, 15, 1
156.200000, 2, 13, 7, 3, 6, 5
159.200000, 9, 11, 16, 18, 10, 14
159.200000, 2, 13, 7, 3, 6, 5
159.200000, 15, 1
159.200000, 8, 12, 17, 4
162.200000, 8, 12, 17, 4
162.200000, 9, 11, 16, 18, 10, 14
162.200000, 15, 1
162.200000, 2, 13, 7, 3, 6, 5
165.200000, 9, 11, 16, 18, 10, 14
165.200000, 15, 1
165.200000, 2, 13, 7, 3, 6, 5
165.200000, 8, 12, 17, 4
168.200000, 8, 12, 17, 4
168.200000, 9, 11, 16, 18, 10, 14
168.200000, 2, 13, 7, 3, 6, 5
168.200000, 15, 1
171.200000, 15, 1
171.200000, 9, 11, 16, 18, 10, 14
171.200000, 2, 13, 7, 3, 6, 5
171.200000, 8, 12, 17, 4
174.200000, 8, 12, 17, 4
174.200000, 9, 11, 16, 18, 10, 14
174.200000, 15, 1
174.200000, 2, 13, 7, 3, 6, 5
177.200000, 15, 9, 11, 16, 18, 1, 10, 14
177.200000, 2, 13, 7, 3, 6, 5
177.200000, 8, 12, 17, 4
180.200000, 2, 13, 7, 3, 6, 5
180.200000, 8, 12, 17, 4
180.200000, 9, 11, 16, 18, 10, 14
180.200000, 15, 1
183.200000, 9, 11, 16, 18, 10, 14
183.200000, 2, 13, 7, 3, 6, 5
183.200000, 15, 1
183.200000, 8, 12, 17, 4
186.200000, 9, 11, 16, 18, 10, 14
186.200000, 8, 12, 17, 4
186.200000, 15, 1
186.200000, 2, 13, 7, 3, 6, 5
189.200000, 15, 1
189.200000, 9, 11, 16, 18, 10, 14
189.200000, 2, 13, 7, 3, 6, 5
189.200000, 8, 12, 17, 4
192.200000, 9, 11, 16, 18, 10, 14
192.200000, 8, 12, 17, 4
192.200000, 15, 1
192.200000, 2, 13, 7, 3, 6, 5
195.200000, 9, 11, 16, 18, 10, 14
195.200000, 2, 13, 7, 3, 6, 5
195.200000, 15, 1
195.200000, 8, 12, 17, 4
198.200000, 9, 11, 16, 18, 10, 14
198.200000, 8, 12, 17, 4
198.200000, 15, 1
198.200000, 2, 13, 7, 3, 6, 5
201.200000, 9, 11, 16, 18, 10, 14
201.200000, 15, 1
201.200000, 2, 13, 7, 3, 6, 5
201.200000, 8, 12, 17, 4
204.200000, 9, 16, 18, 14
204.200000, 8, 12, 17, 4
204.200000, 2, 13, 7, 3, 6, 5
204.200000, 15, 1, 10
204.200000, 11
207.200000, 15, 1, 10
207.200000, 2, 13, 11, 7, 3, 6, 5
207.200000, 9, 16, 18, 14
207.200000, 8, 12, 17, 4
210.200000, 9, 16, 18, 14
210.200000, 15, 1, 10
210.200000, 2, 13, 11, 7, 3, 6, 5
210.200000, 8, 12, 17, 4
213.200000, 8, 12, 17, 4
213.200000, 15, 1, 10
213.200000, 9, 16, 18, 14
213.200000, 2, 13, 11, 7, 3, 6, 5
216.200000, 9, 16, 18, 14
216.200000, 2, 13, 11, 7, 3, 6, 5
216.200000, 8, 12, 17, 4
216.200000, 15, 1, 10
219.200000, 9, 16, 18, 14
219.200000, 15, 1, 10
219.200000, 2, 13, 11, 7, 3, 6, 5
219.200000, 8, 12, 17, 4
222.200000, 9, 16, 18, 14
222.200000, 2, 13, 11, 7, 3, 6, 5
222.200000, 15, 1, 10
222.200000, 8, 12, 17, 4
225.200000, 8, 12, 17, 4
225.200000, 15, 1, 10
225.200000, 9, 16, 18, 14
225.200000, 2, 13, 11, 7, 3, 6, 5
228.200000, 2, 13, 11, 7, 3, 6, 5
228.200000, 15, 1, 10
228.200000, 9, 16, 18, 14
228.200000, 8, 12, 17, 4
231.200000, 8, 12, 17, 4
231.200000, 15, 1, 10
231.200000, 9, 16, 18, 14
231.200000, 2, 13, 11, 7, 3, 6, 5
234.200000, 2, 13, 11, 7, 3, 6, 5
234.200000, 15, 1, 10
234.200000, 8, 12, 17, 4
234.200000, 9, 16, 18, 14
237.200000, 9, 16, 18, 14
237.200000, 8, 12, 17, 4
237.200000, 15, 1, 10
237.200000, 2, 13, 11, 7, 3, 6, 5
240.200000, 2, 13, 11, 7, 3, 6, 5
240.200000, 15, 1, 10
240.200000, 9, 16, 18, 14
240.200000, 8, 12, 17, 4
243.200000, 15, 1, 10
243.200000, 2, 13, 11, 7, 3, 6, 5
243.200000, 9, 16, 18, 14
243.200000, 8, 12, 17, 4
246.200000, 9, 16, 18, 14
246.200000, 8, 12, 17, 4
246.200000, 15, 1, 10
246.200000, 2, 13, 11, 7, 3, 6, 5
249.200000, 9, 16, 18, 14
249.200000, 2, 13, 11, 7, 3, 6, 5
249.200000, 15, 1, 10
249.200000, 8, 12, 17, 4
252.200000, 9, 16, 18, 14
252.200000, 8, 12, 17, 4
252.200000, 15, 1, 10
252.200000, 2, 13, 11, 7, 3, 6, 5
255.200000, 9, 16, 18, 14
255.200000, 15, 1, 10
255.200000, 2, 13, 11, 7, 3, 6, 5
255.200000, 8, 12, 17, 4
258.200000, 8, 12, 17, 4
258.200000, 9, 16, 18, 14
258.200000, 15, 1, 10
258.200000, 2, 13, 11, 7, 3, 6, 5
261.200000, 9, 16, 18, 14
261.200000, 15, 1, 10
261.200000, 2, 13, 11, 7, 3, 6, 5
261.200000, 8, 12, 17, 4
264.200000, 8, 12, 17, 4
264.200000, 9, 16, 18, 14
264.200000, 15, 1, 10
264.200000, 2, 13, 11, 7, 3, 6, 5
267.200000, 2, 13, 11, 7, 3, 6, 5
267.200000, 15, 1, 10
267.200000, 9, 16, 18, 14
267.200000, 8, 12, 17, 4
270.200000, 8, 12, 17, 4
270.200000, 9, 16, 18, 14
270.200000, 15, 1, 10
270.200000, 2, 13, 11, 7, 3, 6, 5
273.200000, 2, 13, 11, 7, 3, 6, 5
273.200000, 15, 1, 10
273.200000, 9, 16, 18, 14
273.200000, 8, 12, 17, 4
276.200000, 8, 12, 17, 4
276.200000, 9, 16, 18, 14
276.200000, 15, 1, 10
276.200000, 2, 13, 11, 7, 3, 6, 5
279.200000, 9, 16, 18, 14
279.200000, 2, 13, 11, 7, 3, 6, 5
279.200000, 15, 1, 10
279.200000, 8, 12, 17, 4
282.200000, 8, 12, 17, 4
282.200000, 9, 16, 18, 14
282.200000, 15, 1, 10
282.200000, 2, 13, 11, 7, 3, 6, 5
285.200000, 9, 16, 18, 14
285.200000, 2, 13, 11, 7, 3, 6, 5
285.200000, 15, 1, 10
285.200000, 8, 12, 17, 4
288.200000, 8, 12, 17, 4
288.200000, 9, 16, 18, 14
288.200000, 15, 1, 10
288.200000, 2, 13, 11, 7, 3, 6, 5
291.200000, 2, 13, 11, 7, 3, 6, 5
291.200000, 15, 1, 10
291.200000, 9, 16, 18, 14
291.200000, 8, 12, 17, 4
294.200000, 8, 12, 17, 4
294.200000, 9, 16, 18, 14
294.200000, 2, 13, 11, 7, 3, 6, 5
294.200000, 15, 1, 10
297.200000, 9, 16, 18, 14
297.200000, 15, 1, 10
297.200000, 8, 12, 17, 4
297.200000, 2, 13, 11, 7, 3, 6, 5
300.200000, 9, 16, 18, 14
300.200000, 15, 1, 10
300.200000, 8, 12, 17, 4
300.200000, 2, 13, 11, 7, 3, 6, 5
303.200000, 9, 16, 18, 14
303.200000, 15, 1, 10
303.200000, 8, 12, 17, 4
303.200000, 2, 13, 11, 7, 3, 6, 5
306.200000, 9, 16, 18, 14
306.200000, 15, 1, 10
306.200000, 8, 12, 17, 4
306.200000, 2, 13, 11, 7, 3, 6, 5
309.200000, 9, 16, 18, 14
309.200000, 15, 1, 10
309.200000, 8, 12, 17, 4
309.200000, 2, 13, 11, 7, 3, 6, 5
312.200000, 9, 18, 14
312.200000, 15, 1, 10
312.200000, 8, 12, 17, 4
312.200000, 2, 13, 11, 7, 3, 6, 5
312.200000, 16
315.200000, 9, 18, 14
315.200000, 15, 1, 10
315.200000, 8, 12, 17, 4
315.200000, 2, 13, 11, 7, 16, 3, 6, 5
318.200000, 9, 18, 14
318.200000, 15, 1, 10
318.200000, 8, 12, 17, 4
318.200000, 2, 13, 11, 7, 16, 3, 6, 5
321.200000, 9, 18, 14
321.200000, 15, 1, 10
321.200000, 8, 12, 17, 4
321.200000, 2, 13, 11, 7, 16, 3, 6, 5
324.200000, 9, 18, 14
324.200000, 15, 1, 10
324.200000, 8, 12, 17, 4
324.200000, 2, 13, 11, 7, 16, 3, 6, 5
327.200000, 9, 18, 14
327.200000, 15, 1, 10
327.200000, 8, 12, 17, 4
327.200000, 2, 13, 11, 7, 16, 3, 6, 5
330.200000, 9, 18, 14
330.200000, 15, 1, 10
330.200000, 8, 12, 17, 4
330.200000, 2, 13, 11, 7, 16, 3, 6, 5
333.200000, 9, 18, 14
333.200000, 15, 1, 10
333.200000, 8, 12, 17, 4
333.200000, 2, 13, 11, 7, 16, 3, 6, 5
336.200000, 18, 14
336.200000, 15, 1, 10
336.200000, 8, 12, 17, 4
336.200000, 2, 13, 11, 7, 16, 3, 6, 5
336.200000, 9
339.200000, 18, 14
339.200000, 15, 1, 10
339.200000, 8, 12, 17, 4
339.200000, 2, 13, 11, 7, 16, 3, 6, 5
339.200000, 9
342.200000, 18, 14
342.200000, 15, 1, 10
342.200000, 8, 12, 17, 4
342.200000, 2, 13, 11, 7, 16, 3, 6, 5
342.200000, 9
345.200000, 18, 14
345.200000, 15, 1, 10
345.200000, 8, 12, 17, 4
345.200000, 2, 13, 11, 7, 16, 3, 6, 5
345.200000, 9
348.200000, 18, 14
348.200000, 15, 1, 10
348.200000, 2, 13, 11, 7, 16, 3, 6, 5
348.200000, 8, 9, 12, 17, 4
351.200000, 18, 14
351.200000, 15, 1, 10
351.200000, 2, 13, 11, 7, 16, 3, 6, 5
351.200000, 8, 9, 12, 17, 4
354.200000, 18, 14
354.200000, 15, 1, 10
354.200000, 2, 13, 11, 7, 16, 3, 6, 5
354.200000, 8, 9, 12, 17, 4
357.200000, 18, 14
357.200000, 15, 1, 10
357.200000, 2, 13, 11, 7, 16, 3, 6, 5
357.200000, 8, 9, 12, 17, 4
360.200000, 18, 14
360.200000, 15, 1, 10
360.200000, 2, 13, 11, 7, 16, 3, 6, 5
360.200000, 8, 9, 12, 17, 4
363.200000, 18, 14
363.200000, 15, 1, 10
363.200000, 2, 13, 11, 7, 16, 3, 6, 5
363.200000, 8, 9, 12, 17, 4
366.200000, 18, 14
366.200000, 15, 1, 10
366.200000, 2, 13, 11, 7, 16, 3, 6, 5
366.200000, 8, 9, 12, 17, 4
369.200000, 18
369.200000, 15, 1, 10
369.200000, 2, 13, 11, 7, 16, 3, 6, 5
369.200000, 8, 9, 12, 17, 4
369.200000, 14
372.200000, 18
372.200000, 15, 1, 10
372.200000, 2, 13, 11, 7, 16, 3, 6, 5
372.200000, 8, 9, 12, 17, 4
372.200000, 14
375.200000, 18
375.200000, 15, 1, 10
375.200000, 2, 13, 11, 7, 16, 3, 6, 5
375.200000, 8, 9, 12, 17, 4
375.200000, 14
378.200000, 18
378.200000, 15, 1, 10
378.200000, 2, 13, 11, 7, 16, 3, 6, 5
378.200000, 8, 9, 12, 17, 4
378.200000, 14
381.200000, 18
381.200000, 15, 1, 10
381.200000, 2, 13, 11, 7, 16, 3, 6
381.200000, 8, 9, 12, 17, 4
381.200000, 14
381.200000, 5
384.200000, 15, 1, 10
384.200000, 2, 13, 11, 7, 16, 3, 6
384.200000, 8, 9, 12, 17, 4
384.200000, 18, 14, 5
387.200000, 15, 1, 10
387.200000, 2, 13, 11, 7, 16, 3, 6
387.200000, 8, 9, 12, 17, 4
387.200000, 18, 14, 5
390.200000, 15, 1, 10
390.200000, 2, 13, 11, 7, 16, 3, 6
390.200000, 8, 9, 12, 17, 4
390.200000, 18, 14, 5
393.200000, 15, 1, 10
393.200000, 2, 13, 11, 7, 16, 3, 6
393.200000, 8, 9, 12, 17, 4
393.200000, 18, 14, 5
396.200000, 15, 1, 10
396.200000, 2, 13, 11, 7, 16, 3, 6
396.200000, 8, 9, 12, 17, 4
396.200000, 18, 14, 5
399.200000, 15, 1, 10
399.200000, 2, 13, 11, 7, 16, 3, 6
399.200000, 8, 9, 12, 17, 4
399.200000, 18, 14, 5
402.200000, 15, 1, 10
402.200000, 2, 13, 11, 7, 16, 3, 6
402.200000, 8, 9, 12, 17, 4
402.200000, 18, 14, 5
405.200000, 15, 1, 10
405.200000, 2, 13, 11, 7, 16, 3, 6
405.200000, 8, 9, 12, 17, 4
405.200000, 18, 14, 5
408.200000, 15, 1, 10
408.200000, 2, 13, 11, 7, 16, 3, 6
408.200000, 8, 9, 12, 17, 4
408.200000, 18, 14, 5
411.200000, 15, 1, 10
411.200000, 2, 13, 11, 7, 16, 3, 6
411.200000, 8, 9, 12, 17, 4
411.200000, 18, 14, 5
414.200000, 15, 1, 10
414.200000, 2, 13, 11, 7, 16, 3, 6
414.200000, 8, 9, 12, 17, 4
414.200000, 18, 14, 5
417.200000, 15, 1, 10
417.200000, 2, 13, 11, 7, 16, 3, 6
417.200000, 8, 9, 12, 17, 4
417.200000, 18, 14, 5
420.200000, 15, 1, 10
420.200000, 2, 13, 11, 7, 16, 3, 6
420.200000, 8, 9, 12, 17, 4
420.200000, 18, 14, 5
423.200000, 15, 1, 10
423.200000, 2, 13, 11, 7, 16, 3, 6
423.200000, 8, 9, 12, 17, 4
423.200000, 18, 14, 5
426.200000, 15, 1, 10
426.200000, 2, 13, 11, 7, 16, 3, 6
426.200000, 8, 9, 12, 17, 4
426.200000, 18, 14, 5
429.200000, 15, 1, 10
429.200000, 2, 13, 11, 7, 16, 3, 6
429.200000, 8, 9, 12, 17, 4
429.200000, 18, 14, 5
432.200000, 15, 1, 10
432.200000, 2, 13, 11, 7, 16, 3, 6
432.200000, 8, 9, 12, 17, 4
432.200000, 18, 14, 5
435.200000, 15, 1, 10
435.200000, 2, 13, 11, 7, 16, 3, 6
435.200000, 8, 9, 12, 17, 4
435.200000, 18, 14, 5
438.200000, 15, 1, 10
438.200000, 2, 13, 11, 7, 16, 3, 6
438.200000, 8, 9, 12, 17, 4
438.200000, 18, 14, 5
441.200000, 15, 1, 10
441.200000, 2, 13, 11, 7, 16, 3, 6
441.200000, 8, 9, 12, 17, 4
441.200000, 18, 14, 5
444.200000, 15, 1, 10
444.200000, 2, 13, 11, 7, 16, 3, 6
444.200000, 8, 9, 12, 17, 4
444.200000, 18, 14, 5
447.200000, 15, 1, 10
447.200000, 2, 13, 11, 7, 16, 3, 6
447.200000, 8, 9, 12, 17, 4
447.200000, 18, 14, 5
450.200000, 15, 1, 10
450.200000, 2, 13, 11, 7, 16, 3, 6
450.200000, 8, 9, 12, 17, 4
450.200000, 18, 14, 5
453.200000, 15, 1, 10
453.200000, 2, 13, 11, 7, 16, 3, 6
453.200000, 8, 9, 12, 17, 4
453.200000, 18, 14, 5
456.200000, 15, 1, 10
456.200000, 2, 13, 11, 7, 16, 3, 6
456.200000, 8, 9, 12, 17, 4
456.200000, 18, 14, 5
459.200000, 15, 1, 10
459.200000, 2, 13, 11, 7, 16, 3, 6
459.200000, 8, 9, 12, 17, 4
459.200000, 18, 14, 5
462.200000, 15, 1, 10
462.200000, 2, 13, 11, 7, 16, 3, 6
462.200000, 8, 9, 12, 17, 4
462.200000, 18, 14, 5
465.200000, 15, 1, 10
465.200000, 2, 13, 11, 7, 16, 3, 6
465.200000, 8, 9, 12, 17, 4
465.200000, 18, 14, 5
468.200000, 15, 1, 10
468.200000, 2, 13, 11, 7, 16, 3, 6
468.200000, 8, 9, 12, 17, 4
468.200000, 18, 14, 5
471.200000, 15, 1, 10
471.200000, 2, 13, 11, 7, 16, 3, 6
471.200000, 8, 9, 12, 17, 4
471.200000, 18, 14, 5
474.200000, 15, 1, 10
474.200000, 2, 13, 11, 7, 16, 3, 6
474.200000, 8, 9, 12, 17, 4
474.200000, 18, 14, 5
477.200000, 15, 1, 10
477.200000, 2, 13, 11, 7, 16, 3, 6
477.200000, 8, 9, 12, 17, 4
477.200000, 18, 14, 5
480.200000, 15, 1, 10
480.200000, 2, 13, 11, 7, 16, 3, 6
480.200000, 8, 9, 12, 17, 4
480.200000, 18, 14, 5
483.200000, 15, 1, 10
483.200000, 2, 13, 11, 7, 16, 3, 6
483.200000, 8, 9, 12, 17, 4
483.200000, 18, 14, 5
486.200000, 15, 1, 10
486.200000, 2, 13, 11, 7, 16, 3, 6
486.200000, 8, 9, 12, 17, 4
486.200000, 18, 14, 5
489.200000, 15, 1, 10
489.200000, 2, 13, 11, 7, 16, 3, 6
489.200000, 8, 9, 12, 17, 4
489.200000, 18, 14, 5
492.200000, 15, 1, 10
492.200000, 2, 13, 11, 7, 16, 3, 6
492.200000, 8, 9, 12, 17, 4
492.200000, 18, 14, 5
495.200000, 15, 1, 10
495.200000, 2, 13, 11, 7, 16, 3, 6
495.200000, 8, 9, 12, 17, 4
495.200000, 18, 14, 5
498.200000, 15, 1, 10
498.200000, 2, 13, 11, 7, 16, 3, 6
498.200000, 8, 9, 12, 17, 4
498.200000, 18, 14, 5
501.200000, 15, 1, 10
501.200000, 2, 13, 11, 7, 16, 3, 6
501.200000, 8, 9, 12, 17, 4
501.200000, 18, 14, 5
504.200000, 15, 1, 10
504.200000, 2, 13, 11, 7, 16, 3, 6
504.200000, 8, 9, 12, 17, 4
504.200000, 18, 14, 5
507.200000, 15, 1, 10
507.200000, 2, 13, 11, 7, 16, 3, 6
507.200000, 8, 9, 12, 17, 4
507.200000, 18, 14, 5
510.200000, 15, 1, 10
510.200000, 2, 13, 11, 7, 16, 3, 6
510.200000, 8, 9, 12, 17, 4
510.200000, 18, 14, 5
513.200000, 15, 1, 10
513.200000, 2, 13, 11, 7, 16, 3, 6
513.200000, 8, 9, 12, 17, 4
513.200000, 18, 14, 5
516.200000, 15, 1, 10
516.200000, 2, 13, 11, 7, 16, 3, 6
516.200000, 8, 9, 12, 17, 4
516.200000, 18, 14, 5
519.200000, 15, 1, 10
519.200000, 2, 13, 11, 7, 16, 3, 6
519.200000, 8, 9, 12, 17, 4
519.200000, 18, 14, 5
522.200000, 15, 1, 10
522.200000, 2, 13, 11, 7, 16, 3, 6
522.200000, 8, 9, 12, 17, 4
522.200000, 18, 14, 5
525.200000, 15, 1, 10
525.200000, 2, 13, 11, 7, 16, 3, 6
525.200000, 8, 9, 12, 17, 4
525.200000, 18, 14, 5
528.200000, 15, 1, 10
528.200000, 2, 13, 11, 7, 16, 3, 6
528.200000, 8, 9, 12, 17, 4
528.200000, 18, 14, 5
531.200000, 15, 1, 10
531.200000, 2, 13, 11, 7, 16, 3, 6
531.200000, 8, 9, 12, 17, 4
531.200000, 18, 14, 5
534.200000, 15, 1, 10
534.200000, 2, 13, 11, 7, 16, 3, 6
534.200000, 8, 9, 12, 17, 4
534.200000, 18, 14, 5
537.200000, 15, 1, 10
537.200000, 2, 13, 11, 7, 16, 3, 6
537.200000, 8, 9, 12, 17, 4
537.200000, 18, 14, 5
540.200000, 15, 1, 10
540.200000, 2, 13, 11, 7, 16, 3, 6
540.200000, 8, 9, 12, 17, 4
540.200000, 18, 14, 5
543.200000, 15, 1, 10
543.200000, 2, 13, 11, 7, 16, 3, 6
543.200000, 8, 9, 12, 17, 4
543.200000, 18, 14, 5
546.200000, 15, 1, 10
546.200000, 2, 13, 11, 7, 16, 3, 6
546.200000, 8, 9, 12, 17, 4
546.200000, 18, 14, 5
549.200000, 15, 1, 10
549.200000, 2, 13, 11, 7, 16, 3, 6
549.200000, 8, 9, 12, 17, 4
549.200000, 18, 14, 5
552.200000, 15, 1, 10
552.200000, 2, 13, 11, 7, 16, 3, 6
552.200000, 8, 9, 12, 17, 4
552.200000, 18, 14, 5
555.200000, 15, 1, 10
555.200000, 2, 13, 11, 7, 16, 3, 6
555.200000, 8, 9, 12, 17, 4
555.200000, 18, 14, 5
558.200000, 15, 1, 10
558.200000, 2, 13, 11, 16, 6
558.200000, 8, 9, 12, 17, 4
558.200000, 18, 14, 5
558.200000, 7
558.200000, 3
561.200000, 15, 1, 10
561.200000, 2, 13, 11, 16, 6
561.200000, 8, 9, 12, 17, 4
561.200000, 18, 14, 5
561.200000, 7
561.200000, 3
564.200000, 15, 1, 10
564.200000, 2, 13, 11, 16, 6
564.200000, 18, 14, 5
564.200000, 8, 9, 7, 12, 3, 17, 4
567.200000, 15, 1, 10
567.200000, 2, 13, 11, 6
567.200000, 18, 14, 5
567.200000, 8, 9, 7, 12, 3, 17, 4
567.200000, 16
570.200000, 15, 1, 10
570.200000, 2, 13, 11, 6
570.200000, 18, 14, 5
570.200000, 8, 9, 7, 12, 3, 17, 4
570.200000, 16
573.200000, 2, 11, 6
573.200000, 18, 14, 5
573.200000, 8, 9, 7, 12, 3, 17, 4
573.200000, 13
573.200000, 15, 16, 1, 10
576.200000, 2, 11, 6
576.200000, 18, 14, 5
576.200000, 8, 9, 7, 12, 3, 17, 4
576.200000, 13
576.200000, 15, 16, 1, 10
579.200000, 2, 11, 6
579.200000, 18, 14, 5
579.200000, 8, 9, 7, 12, 3, 17, 4
579.200000, 13
579.200000, 15, 16, 1, 10
582.200000, 2, 11, 6
582.200000, 18, 14, 5
582.200000, 8, 9, 7, 12, 3, 17, 4
582.200000, 13
582.200000, 15, 16, 1, 10
585.200000, 2, 11, 6
585.200000, 18, 14, 5
585.200000, 8, 9, 7, 12, 3, 17, 4
585.200000, 13
585.200000, 15, 16, 1, 10
588.200000, 2, 11, 6
588.200000, 18, 14, 5
588.200000, 8, 9, 7, 12, 3, 17, 4
588.200000, 13
588.200000, 15, 16, 1, 10
591.200000, 2, 11, 6
591.200000, 18, 14, 5
591.200000, 8, 9, 7, 12, 3, 17, 4
591.200000, 13
591.200000, 15, 16, 1, 10
594.200000, 2, 11, 6
594.200000, 18, 14, 5
594.200000, 8, 9, 7, 12, 3, 17, 4
594.200000, 13
594.200000, 15, 16, 1, 10
597.200000, 2, 11, 6
597.200000, 18, 14, 5
597.200000, 8, 9, 7, 12, 3, 17, 4
597.200000, 13
597.200000, 15, 16, 1, 10
600.200000, 2, 11, 6
600.200000, 18, 14, 5
600.200000, 8, 9, 7, 12, 3, 17, 4
600.200000, 13
600.200000, 15, 16, 1, 10
603.200000, 2, 11, 6
603.200000, 18, 14, 5
603.200000, 8, 9, 7, 12, 3, 17, 4
603.200000, 13
603.200000, 15, 16, 1, 10
606.200000, 2, 11, 6
606.200000, 18, 14, 5
606.200000, 8, 9, 7, 12, 3, 17, 4
606.200000, 13
606.200000, 15, 16, 1, 10
609.200000, 2, 11, 6
609.200000, 18, 14, 5
609.200000, 8, 9, 7, 12, 3, 17, 4
609.200000, 13
609.200000, 15, 16, 1, 10
612.200000, 2, 11, 6
612.200000, 18, 14, 5
612.200000, 8, 9, 7, 12, 3, 17, 4
612.200000, 13
612.200000, 15, 16, 1, 10
615.200000, 2, 11, 6
615.200000, 18, 14, 5
615.200000, 8, 9, 7, 12, 3, 17, 4
615.200000, 13
615.200000, 15, 16, 1, 10
618.200000, 2, 11, 6
618.200000, 18, 14, 5
618.200000, 8, 9, 7, 12, 3, 17, 4
618.200000, 13
618.200000, 15, 16, 1, 10
621.200000, 2, 11, 6
621.200000, 18, 14, 5
621.200000, 8, 9, 7, 12, 3, 17, 4
621.200000, 13
621.200000, 15, 16, 1, 10
624.200000, 2, 11, 6
624.200000, 18, 14, 5
624.200000, 8, 9, 7, 12, 3, 17, 4
624.200000, 13
624.200000, 15, 16, 1, 10
627.200000, 2, 11, 6
627.200000, 18, 14, 5
627.200000, 8, 9, 7, 12, 3, 17, 4
627.200000, 13
627.200000, 15, 16, 1, 10
630.200000, 2, 11, 6
630.200000, 18, 14, 5
630.200000, 8, 9, 7, 12, 3, 17, 4
630.200000, 13
630.200000, 15, 16, 1, 10
633.200000, 2, 11, 6
633.200000, 18, 14, 5
633.200000, 8, 9, 7, 12, 3, 17, 4
633.200000, 13
633.200000, 15, 16, 1, 10
636.200000, 2, 11, 6
636.200000, 18, 14, 5
636.200000, 8, 9, 7, 12, 3, 17, 4
636.200000, 13
636.200000, 15, 16, 1, 10
639.200000, 2, 11, 6
639.200000, 18, 14, 5
639.200000, 8, 9, 12, 3, 17, 4
639.200000, 13
639.200000, 15, 16, 1, 10
639.200000, 7
642.200000, 2, 11, 6
642.200000, 8, 9, 12, 3, 17, 4
642.200000, 15, 16, 1, 10
642.200000, 13, 7, 18, 14, 5
645.200000, 2, 11, 6
645.200000, 8, 9, 12, 3, 17, 4
645.200000, 15, 16, 1, 10
645.200000, 13, 18
645.200000, 7, 14, 5
648.200000, 2, 11, 6
648.200000, 8, 9, 12, 3, 17, 4
648.200000, 15, 16, 1, 10
648.200000, 13, 18
648.200000, 7, 14, 5
651.200000, 2, 11, 6
651.200000, 8, 9, 12, 3, 17, 4
651.200000, 15, 16, 1, 10
651.200000, 13, 18
651.200000, 7, 14, 5
654.200000, 2, 11, 6
654.200000, 8, 9, 12, 3, 17, 4
654.200000, 15, 16, 1, 10
654.200000, 7, 5
654.200000, 13, 18, 14
657.200000, 2, 11, 6
657.200000, 8, 9, 12, 3, 17, 4
657.200000, 15, 16, 1, 10
657.200000, 7, 5
657.200000, 13, 18, 14
660.200000, 2, 11, 6
660.200000, 8, 9, 12, 3, 17, 4
660.200000, 15, 16, 1, 10
660.200000, 7, 5
660.200000, 13, 18, 14
663.200000, 2, 11, 6
663.200000, 8, 9, 12, 3, 17, 4
663.200000, 15, 16, 1, 10
663.200000, 7, 5
663.200000, 13, 18, 14
666.200000, 2, 11, 6
666.200000, 8, 9, 12, 3, 17, 4
666.200000, 15, 16, 1, 10
666.200000, 7, 5
666.200000, 13, 18, 14
669.200000, 2, 11, 6
669.200000, 8, 9, 12, 3, 17, 4
669.200000, 15, 16, 1, 10
669.200000, 7, 5
669.200000, 13, 18, 14
672.200000, 2, 11, 6
672.200000, 8, 9, 12, 3, 17, 4
672.200000, 15, 16, 1, 10
672.200000, 7, 5
672.200000, 13, 18, 14
675.200000, 2, 11, 6
675.200000, 8, 9, 12, 3, 17, 4
675.200000, 15, 16, 1, 10
675.200000, 7, 5
675.200000, 13, 18, 14
678.200000, 2, 11, 6
678.200000, 8, 9, 12, 3, 17, 4
678.200000, 15, 16, 1, 10
678.200000, 7, 5
678.200000, 13, 18, 14
681.200000, 2, 11, 6
681.200000, 8, 9, 12, 3, 17, 4
681.200000, 15, 16, 1, 10
681.200000, 7, 5
681.200000, 13, 18, 14
684.200000, 2, 11, 6
684.200000, 8, 9, 12, 3, 17, 4
684.200000, 15, 16, 1, 10
684.200000, 7, 5
684.200000, 13, 18, 14
687.200000, 2, 11, 6
687.200000, 8, 9, 12, 3, 17, 4
687.200000, 15, 16, 1, 10
687.200000, 7, 5
687.200000, 13, 18, 14
690.200000, 2, 11, 6
690.200000, 8, 9, 12, 3, 17, 4
690.200000, 15, 16, 1, 10
690.200000, 7, 5
690.200000, 13, 18, 14
693.200000, 2, 11, 6
693.200000, 8, 9, 12, 3, 17, 4
693.200000, 15, 16, 1, 10
693.200000, 7, 5
693.200000, 13, 18, 14
696.200000, 2, 11, 6
696.200000, 8, 9, 12, 3, 17, 4
696.200000, 15, 16, 1, 10
696.200000, 7, 5
696.200000, 13, 18, 14
699.200000, 2, 11, 6
699.200000, 8, 9, 12, 3, 17, 4
699.200000, 15, 16, 1, 10
699.200000, 7, 5
699.200000, 13, 18, 14
702.200000, 2, 11, 6
702.200000, 8, 9, 12, 3, 17, 4
702.200000, 15, 16, 1, 10
702.200000, 7, 5
702.200000, 13, 18, 14
705.200000, 2, 11, 6
705.200000, 8, 9, 12, 3, 17, 4
705.200000, 15, 16, 1, 10
705.200000, 7, 5
705.200000, 13, 18, 14
708.200000, 2, 11, 6
708.200000, 8, 9, 12, 3, 17, 4
708.200000, 15, 16, 1, 10
708.200000, 7, 5
708.200000, 13, 18, 14
711.200000, 2, 11, 6
711.200000, 8, 9, 12, 3, 17, 4
711.200000, 15, 16, 1, 10
711.200000, 7, 5
711.200000, 13, 18, 14
714.200000, 2, 11, 6
714.200000, 8, 9, 12, 3, 17, 4
714.200000, 15, 16, 1, 10
714.200000, 7, 5
714.200000, 13, 18, 14
717.200000, 2, 11, 6
717.200000, 8, 9, 12, 3, 17, 4
717.200000, 15, 16, 1, 10
717.200000, 7, 5
717.200000, 13, 18, 14
720.200000, 2, 11, 6
720.200000, 8, 9, 12, 3, 17, 4
720.200000, 15, 16, 1, 10
720.200000, 7
720.200000, 13, 18, 14
720.200000, 5
723.200000, 2, 11, 6
723.200000, 15, 16, 1, 10
723.200000, 13, 18, 14
723.200000, 8, 9, 12, 3, 17, 5, 4
723.200000, 7
726.200000, 2, 11, 6
726.200000, 15, 16, 1, 10
726.200000, 8, 9, 12, 3, 17, 5, 4
726.200000, 13, 7, 18, 14
729.200000, 2, 11, 6
729.200000, 15, 16, 1, 10
729.200000, 8, 9, 12, 3, 17, 5, 4
729.200000, 13, 7, 18, 14
732.200000, 2, 11, 6
732.200000, 15, 16, 1, 10
732.200000, 8, 9, 12, 3, 17, 5, 4
732.200000, 13, 14
732.200000, 7, 18
735.200000, 2, 11, 6
735.200000, 15, 16, 1, 10
735.200000, 8, 9, 12, 3, 17, 4
735.200000, 13, 14
735.200000, 7, 18
735.200000, 5
738.200000, 2, 11, 6
738.200000, 15, 16, 1, 10, 5
738.200000, 8, 9, 12, 3, 17, 4
738.200000, 13, 14
738.200000, 7, 18
741.200000, 2, 11, 6
741.200000, 15, 16, 1, 10, 5
741.200000, 8, 9, 12, 3, 17, 4
741.200000, 13, 14
741.200000, 7, 18
744.200000, 2, 11, 6
744.200000, 8, 9, 12, 3, 17, 4
744.200000, 13, 14
744.200000, 7, 18
744.200000, 15, 16, 1, 10, 5
747.200000, 2, 11, 6
747.200000, 8, 9, 12, 3, 17, 4
747.200000, 13, 14
747.200000, 7, 18
747.200000, 5
747.200000, 15, 16, 1, 10
750.200000, 2, 11, 6
750.200000, 8, 9, 12, 3, 17, 4
750.200000, 13, 14
750.200000, 7, 18
750.200000, 5
750.200000, 15, 16, 1, 10
753.200000, 2, 11, 6, 5
753.200000, 8, 9, 12, 3, 17, 4
753.200000, 13, 14
753.200000, 7, 18
753.200000, 15, 16, 1, 10
756.200000, 2, 11, 6, 5
756.200000, 8, 9, 12, 3, 17, 4
756.200000, 13, 14
756.200000, 7, 18
756.200000, 15, 16, 1, 10
759.200000, 2, 11, 6, 5
759.200000, 8, 9, 12, 3, 17, 4
759.200000, 13, 14
759.200000, 7, 18
759.200000, 15, 16, 1, 10
762.200000, 2, 11, 6, 5
762.200000, 8, 9, 12, 3, 17, 4
762.200000, 13, 14
762.200000, 7, 18
762.200000, 15, 16, 1, 10
765.200000, 2, 11, 6, 5
765.200000, 8, 9, 12, 3, 17, 4
765.200000, 13, 14
765.200000, 7, 18
765.200000, 15, 16, 1, 10
768.200000, 2, 11, 6, 5
768.200000, 8, 9, 12, 3, 17, 4
768.200000, 13, 14
768.200000, 7, 18
768.200000, 15, 16, 1, 10
771.200000, 2, 11, 6, 5
771.200000, 8, 9, 12, 3, 17, 4
771.200000, 13, 14
771.200000, 7, 18
771.200000, 15, 16, 1, 10
774.200000, 2, 11, 6, 5
774.200000, 8, 9, 12, 3, 17, 4
774.200000, 13, 14
774.200000, 7, 18
774.200000, 15, 16, 1, 10
777.200000, 2, 11, 6, 5
777.200000, 8, 9, 12, 3, 17, 4
777.200000, 13, 14
777.200000, 7, 18
777.200000, 15, 16, 1, 10
780.200000, 2, 11, 6, 5
780.200000, 8, 9, 12, 3, 17, 4
780.200000, 13, 14
780.200000, 7, 18
780.200000, 15, 16, 1, 10
783.200000, 2, 11, 6, 5
783.200000, 8, 9, 12, 3, 17, 4
783.200000, 13, 14
783.200000, 7, 18
783.200000, 15, 16, 1, 10
786.200000, 2, 11, 6, 5
786.200000, 8, 9, 12, 3, 17, 4
786.200000, 13, 14
786.200000, 7, 18
786.200000, 15, 16, 1, 10
789.200000, 2, 11, 6, 5
789.200000, 8, 9, 12, 3, 17, 4
789.200000, 13, 14
789.200000, 7, 18
789.200000, 15, 16, 1, 10
792.200000, 2, 11, 6, 5
792.200000, 8, 9, 12, 3, 17, 4
792.200000, 13, 14
792.200000, 7, 18
792.200000, 15, 16, 1, 10
795.200000, 2, 11, 6, 5
795.200000, 8, 9, 12, 3, 17, 4
795.200000, 13, 14
795.200000, 7, 18
795.200000, 15, 16, 1, 10
798.200000, 2, 11, 5
798.200000, 8, 9, 12, 3, 17, 4
798.200000, 13, 14
798.200000, 7, 18
798.200000, 15, 16, 1, 10
798.200000, 6
801.200000, 2, 11, 5
801.200000, 13, 14
801.200000, 7, 18
801.200000, 15, 16, 1, 10
801.200000, 8, 9, 12, 3, 17, 6, 4
804.200000, 2, 11, 5
804.200000, 13, 14
804.200000, 7, 18
804.200000, 15, 16, 1, 10
804.200000, 8, 9, 12, 3, 17, 6, 4
807.200000, 2, 11, 5
807.200000, 13, 14
807.200000, 7, 18
807.200000, 15, 16, 1, 10
807.200000, 8, 9, 12, 3, 17, 6, 4
810.200000, 2, 11, 5
810.200000, 13, 14
810.200000, 7, 18
810.200000, 15, 16, 1, 10
810.200000, 8, 9, 12, 3, 17, 6, 4
813.200000, 2, 11, 5
813.200000, 13, 14
813.200000, 7, 18
813.200000, 15, 16, 1, 10
813.200000, 8, 9, 12, 3, 17, 6, 4
816.200000, 2, 11, 5
816.200000, 15, 16, 1, 10
816.200000, 7, 18
816.200000, 13, 14
816.200000, 8, 9, 12, 3, 17, 6, 4
819.200000, 2, 11, 5
819.200000, 13, 14
819.200000, 7, 18
819.200000, 15, 16, 1, 10
819.200000, 8, 9, 12, 3, 17, 6, 4
822.200000, 2, 11, 5
822.200000, 13, 14
822.200000, 7, 18
822.200000, 15, 16, 1, 10
822.200000, 8, 9, 12, 3, 17, 6, 4
825.200000, 2, 11, 5
825.200000, 13, 14
825.200000, 7, 18
825.200000, 15, 16, 1, 10
825.200000, 8, 12, 3, 17, 6, 4
828.200000, 2, 11, 5
828.200000, 7, 18
828.200000, 15, 16, 1, 10
828.200000, 13, 14
828.200000, 8, 9, 12, 3, 17, 6, 4
831.200000, 2, 11, 5
831.200000, 13, 14
831.200000, 7, 18
831.200000, 15, 16, 1, 10
831.200000, 8, 9, 12, 3, 17, 6, 4
834.200000, 2, 11, 5
834.200000, 13, 14
834.200000, 7, 18
834.200000, 15, 16, 1, 10
834.200000, 8, 9, 12, 3, 17, 6, 4
837.200000, 2, 11, 5
837.200000, 13, 14
837.200000, 7, 18
837.200000, 15, 16, 1, 10
837.200000, 8, 9, 12, 3, 17, 6, 4
840.200000, 2, 11, 5
840.200000, 13, 14
840.200000, 7, 18
840.200000, 15, 16, 1, 10
840.200000, 8, 9, 12, 3, 17, 6, 4
843.200000, 2, 11, 5
843.200000, 13, 14
843.200000, 7, 18
843.200000, 15, 16, 1, 10
843.200000, 8, 9, 12, 3, 17, 6, 4
846.200000, 2, 11, 5
846.200000, 13, 14
846.200000, 7, 18
846.200000, 15, 16, 1, 10
846.200000, 8, 9, 12, 3, 17, 6, 4
849.200000, 2, 11, 5
849.200000, 13, 14
849.200000, 7, 18
849.200000, 15, 16, 1, 10
849.200000, 8, 9, 12, 3, 17, 6, 4
852.200000, 2, 11, 5
852.200000, 13, 14
852.200000, 7, 18
852.200000, 15, 16, 1, 10
852.200000, 8, 9, 12, 3, 17, 6, 4
855.200000, 2, 11, 5
855.200000, 13, 14
855.200000, 7, 18
855.200000, 15, 16, 1, 10
855.200000, 8, 9, 12, 3, 17, 6, 4
858.200000, 2, 11, 5
858.200000, 13, 14
858.200000, 7, 18
858.200000, 15, 16, 1, 10
858.200000, 8, 9, 12, 3, 17, 6, 4
861.200000, 2, 11, 5
861.200000, 13, 14
861.200000, 7, 18
861.200000, 15, 16, 1, 10
861.200000, 8, 9, 12, 3, 17, 6, 4
864.200000, 2, 11, 5
864.200000, 13, 14
864.200000, 7, 18
864.200000, 15, 16, 1, 10
864.200000, 8, 9, 12, 3, 17, 6, 4
867.200000, 2, 11, 5
867.200000, 13, 14
867.200000, 7, 18
867.200000, 15, 16, 1, 10
867.200000, 8, 9, 12, 3, 17, 6, 4
870.200000, 2, 11, 5
870.200000, 13, 14
870.200000, 7, 18
870.200000, 15, 16, 1, 10
870.200000, 8, 9, 12, 3, 17, 6, 4
873.200000, 2, 11, 5
873.200000, 13, 14
873.200000, 7, 18
873.200000, 15, 16, 1, 10
873.200000, 8, 9, 12, 3, 17, 6, 4
876.200000, 2, 11, 5
876.200000, 13, 14
876.200000, 7, 18
876.200000, 15, 16, 1, 10
876.200000, 8, 9, 12, 3, 17, 6, 4
879.200000, 2, 11, 5
879.200000, 13, 14
879.200000, 7, 18
879.200000, 15, 16, 1, 10
879.200000, 8, 9, 12, 3, 17, 6, 4
882.200000, 2, 11, 5
882.200000, 13, 14
882.200000, 7, 18
882.200000, 15, 16, 1, 10
882.200000, 8, 9, 12, 3, 17, 6, 4
885.200000, 2, 11, 5
885.200000, 13, 14
885.200000, 7, 18
885.200000, 15, 16, 1, 10
885.200000, 8, 9, 12, 3, 17, 6, 4
888.200000, 2, 11, 5
888.200000, 13, 14
888.200000, 7, 18
888.200000, 15, 16, 1, 10
888.200000, 8, 9, 12, 3, 17, 6, 4
891.200000, 2, 11, 5
891.200000, 13, 14
891.200000, 7, 18
891.200000, 15, 16, 1, 10
891.200000, 8, 9, 12, 3, 17, 6, 4
894.200000, 2, 11, 5
894.200000, 13, 14
894.200000, 7, 18
894.200000, 15, 16, 1, 10
894.200000, 8, 9, 12, 3, 17, 6, 4
897.200000, 2, 11, 5
897.200000, 13, 14
897.200000, 7, 18
897.200000, 15, 16, 1, 10
897.200000, 8, 9, 12, 3, 17, 6, 4
900.200000, 2, 11, 5
900.200000, 13, 14
900.200000, 7, 18
900.200000, 15, 16, 1, 10
900.200000, 8, 9, 12, 3, 17, 6, 4
903.200000, 2, 11, 5
903.200000, 13, 14
903.200000, 7, 18
903.200000, 15, 16, 1, 10
903.200000, 8, 9, 12, 3, 17, 6, 4
906.200000, 2, 11, 5
906.200000, 13, 14
906.200000, 7, 18
906.200000, 15, 16, 1, 10
906.200000, 8, 9, 12, 3, 17, 6, 4
909.200000, 2, 11, 5
909.200000, 13, 14
909.200000, 7, 18
909.200000, 15, 16, 1, 10
909.200000, 8, 9, 12, 3, 17, 6, 4
912.200000, 2, 11, 5
912.200000, 13, 14
912.200000, 7, 18
912.200000, 15, 16, 1, 10
912.200000, 8, 9, 12, 3, 17, 6, 4
915.200000, 2, 11, 5
915.200000, 13, 14
915.200000, 7, 18
915.200000, 15, 16, 1, 10
915.200000, 8, 9, 12, 3, 17, 6, 4
918.200000, 2, 11, 5
918.200000, 13, 14
918.200000, 7, 18
918.200000, 15, 16, 1, 10
918.200000, 8, 9, 12, 3, 17, 6, 4
921.200000, 2, 11, 5
921.200000, 13, 14
921.200000, 7, 18
921.200000, 15, 16, 1, 10
921.200000, 8, 9, 12, 3, 17, 6, 4
924.200000, 2, 11, 5
924.200000, 13, 14
924.200000, 7, 18
924.200000, 15, 16, 1, 10
924.200000, 8, 9, 12, 3, 17, 6, 4
927.200000, 2, 11, 5
927.200000, 13, 14
927.200000, 7, 18
927.200000, 15, 16, 1, 10
927.200000, 8, 12, 3, 17, 6, 4
930.200000, 2, 11, 5
930.200000, 13, 14
930.200000, 7, 18
930.200000, 15, 16, 1, 10
930.200000, 8, 9, 12, 3, 17, 6, 4
933.200000, 2, 11, 5
933.200000, 13, 14
933.200000, 7, 18
933.200000, 15, 16, 1, 10
933.200000, 8, 9, 12, 3, 17, 6, 4
936.200000, 2, 11, 5
936.200000, 13, 14
936.200000, 7, 18
936.200000, 15, 16, 1, 10
936.200000, 8, 9, 12, 3, 17, 6, 4
939.200000, 2, 11, 5
939.200000, 13, 14
939.200000, 7, 18
939.200000, 15, 16, 1, 10
939.200000, 8, 9, 12, 3, 17, 6, 4
942.200000, 2, 11, 5
942.200000, 13, 14
942.200000, 7, 18
942.200000, 15, 16, 1, 10
942.200000, 8, 9, 12, 3, 17, 6, 4
945.200000, 2, 11, 5
945.200000, 13, 14
945.200000, 7, 18
945.200000, 15, 16, 1, 10
945.200000, 8, 9, 12, 3, 17, 6, 4
948.200000, 2, 11, 5
948.200000, 13, 14
948.200000, 7, 18
948.200000, 15, 16, 1, 10
948.200000, 8, 9, 12, 3, 17, 6, 4
951.200000, 2, 11, 5
951.200000, 13, 14
951.200000, 7, 18
951.200000, 15, 16, 1, 10
951.200000, 8, 9, 12, 3, 17, 6, 4
954.200000, 2, 11, 5
954.200000, 13, 14
954.200000, 7, 18
954.200000, 15, 16, 1, 10
954.200000, 8, 12, 3, 17, 6, 4
957.200000, 2, 11, 5
957.200000, 13, 14
957.200000, 7, 18
957.200000, 15, 16, 1, 10
957.200000, 8, 9, 12, 3, 17, 6, 4
960.200000, 2, 11, 5
960.200000, 13, 14
960.200000, 7, 18
960.200000, 15, 16, 1, 10
960.200000, 8, 9, 12, 3, 17, 6, 4
963.200000, 2, 11, 5
963.200000, 13, 14
963.200000, 7, 18
963.200000, 15, 16, 1, 10
963.200000, 8, 9, 12, 3, 17, 6, 4
966.200000, 2, 11, 5
966.200000, 13, 14
966.200000, 7, 18
966.200000, 15, 16, 1, 10
966.200000, 8, 9, 12, 3, 17, 6, 4
969.200000, 2, 11, 5
969.200000, 13, 14
969.200000, 7, 18
969.200000, 15, 16, 1, 10
969.200000, 8, 9, 12, 3, 17, 6, 4
972.200000, 2, 11, 5
972.200000, 13, 14
972.200000, 7, 18
972.200000, 15, 16, 1, 10
972.200000, 8
972.200000, 8, 9, 12, 3, 17, 6, 4
975.200000, 2, 11, 5
975.200000, 13, 14
975.200000, 7, 18
975.200000, 15, 16, 1, 10
975.200000, 8, 9, 12, 3, 17, 6, 4
978.200000, 2, 11, 5
978.200000, 13, 14
978.200000, 7, 18
978.200000, 15, 16, 1, 10
978.200000, 8, 9, 12, 3, 17, 6, 4
981.200000, 2, 11, 5
981.200000, 7, 18
981.200000, 15, 16, 1, 10
981.200000, 8, 9, 12, 3, 17, 6, 4
981.200000, 14
981.200000, 13
984.200000, 2, 11, 5
984.200000, 7, 18
984.200000, 15, 16, 1, 10
984.200000, 8, 9, 12, 3, 17, 6, 4
984.200000, 13, 14
987.200000, 2, 11, 5
987.200000, 7, 18
987.200000, 15, 16, 1, 10
987.200000, 8, 9, 12, 3, 17, 6, 4
987.200000, 13, 14
990.200000, 2, 11, 5
990.200000, 7, 18
990.200000, 15, 16, 1, 10
990.200000, 8, 9, 12, 3, 17, 6, 4
990.200000, 13, 14
993.200000, 2, 11, 5
993.200000, 7, 18
993.200000, 15, 16, 1, 10
993.200000, 8, 9, 12, 3, 17, 6, 4
993.200000, 13, 14
996.200000, 2, 11, 5
996.200000, 7, 18
996.200000, 15, 16, 1, 10
996.200000, 8, 9, 12, 3, 17, 6, 4
996.200000, 13, 14
999.200000, 2, 11, 5
999.200000, 7, 18
999.200000, 15, 16, 1, 10
999.200000, 8, 9, 12, 3, 17, 6, 4
999.200000, 13, 14
1002.200000, 2, 11, 5
1002.200000, 7, 18
1002.200000, 15, 16, 1, 10
1002.200000, 8, 9, 12, 3, 17, 6, 4
1002.200000, 13
1002.200000, 14
1005.200000, 2, 11, 5
1005.200000, 7, 18
1005.200000, 15, 16, 1, 10
1005.200000, 8, 9, 12, 3, 17, 6, 4
1005.200000, 13, 14
1008.200000, 2, 11, 5
1008.200000, 7, 18
1008.200000, 15, 16, 1, 10
1008.200000, 8, 9, 12, 3, 17, 6, 4
1008.200000, 13, 14
1011.200000, 2, 11, 5
1011.200000, 7, 18
1011.200000, 15, 16, 1, 10
1011.200000, 8, 9, 12, 3, 17, 6, 4
1011.200000, 13, 14
1014.200000, 2, 11, 5
1014.200000, 7, 18
1014.200000, 15, 16, 1, 10
1014.200000, 8, 9, 12, 3, 17, 6, 4
1014.200000, 13, 14
1017.200000, 2, 11, 5
1017.200000, 7, 18
1017.200000, 15, 16, 1, 10
1017.200000, 8, 9, 12, 3, 17, 6, 4
1017.200000, 13, 14
1020.200000, 2, 11, 5
1020.200000, 7, 18
1020.200000, 15, 16, 1, 10
1020.200000, 8, 9, 12, 3, 17, 6, 4
1020.200000, 13, 14
1023.200000, 2, 11, 5
1023.200000, 7, 18
1023.200000, 15, 16, 1, 10
1023.200000, 8, 9, 12, 3, 17, 6, 4
1023.200000, 13, 14
1026.200000, 2, 11, 5
1026.200000, 7, 18
1026.200000, 15, 16, 1, 10
1026.200000, 8, 9, 12, 3, 17, 6, 4
1026.200000, 13, 14
1029.200000, 2, 11, 5
1029.200000, 7, 18
1029.200000, 15, 16, 1, 10
1029.200000, 8, 9, 12, 3, 17, 6, 4
1029.200000, 13, 14
1032.200000, 2, 11, 5
1032.200000, 7, 18
1032.200000, 15, 16, 1, 10
1032.200000, 8, 9, 12, 3, 17, 6, 4
1032.200000, 13, 14
1035.200000, 2, 11, 5
1035.200000, 7, 18
1035.200000, 15, 16, 1, 10
1035.200000, 8, 9, 12, 3, 17, 6, 4
1035.200000, 13, 14
1038.200000, 2, 11, 5
1038.200000, 7, 18
1038.200000, 15, 16, 1, 10
1038.200000, 8, 9, 12, 3, 17, 6, 4
1038.200000, 13, 14
1041.200000, 2, 11, 5
1041.200000, 7, 18
1041.200000, 15, 16, 1, 10
1041.200000, 8, 9, 12, 3, 17, 6, 4
1041.200000, 13, 14
1044.200000, 2, 11, 5
1044.200000, 7, 18
1044.200000, 15, 16, 1, 10
1044.200000, 8, 9, 12, 3, 17, 6, 4
1044.200000, 13, 14
1047.200000, 2, 11, 5
1047.200000, 7, 18
1047.200000, 15, 16, 1, 10
1047.200000, 8, 12, 3, 17, 4
1047.200000, 13, 14
1047.200000, 9, 6
1050.200000, 2, 11, 5
1050.200000, 7, 18
1050.200000, 15, 16, 1, 10
1050.200000, 8, 12, 3, 17, 4
1050.200000, 13, 14
1050.200000, 9, 6
1053.200000, 2, 11
1053.200000, 7, 18
1053.200000, 15, 16, 1, 10
1053.200000, 8, 12, 3, 17, 4
1053.200000, 13, 14
1053.200000, 5
1053.200000, 5
1053.200000, 9, 6
1056.200000, 2, 11
1056.200000, 7, 18
1056.200000, 15, 16, 1, 10
1056.200000, 8, 12, 3, 17, 4
1056.200000, 13, 14
1056.200000, 5
1056.200000, 5
1056.200000, 9, 6
1059.200000, 7, 18
1059.200000, 15, 16, 1, 10
1059.200000, 8, 12, 3, 17, 4
1059.200000, 13, 14
1059.200000, 2, 11, 5
1059.200000, 5
1059.200000, 9, 6
1062.200000, 7, 18
1062.200000, 15, 16, 1, 10
1062.200000, 8, 12, 3, 17, 4
1062.200000, 13, 14
1062.200000, 2, 11, 5
1062.200000, 5
1062.200000, 9, 6
1065.200000, 7, 18
1065.200000, 15, 16, 1, 10
1065.200000, 8, 12, 3, 17, 4
1065.200000, 13, 14
1065.200000, 2, 11
1065.200000, 5
1065.200000, 9, 6
1068.200000, 7, 18
1068.200000, 8, 12, 3, 17, 4
1068.200000, 13, 14
1068.200000, 2, 11
1068.200000, 15, 16, 1, 10, 5
1068.200000, 9, 6
1071.200000, 7, 18
1071.200000, 8, 9, 12, 3, 17, 6, 4
1071.200000, 13, 14
1071.200000, 2, 11
1071.200000, 15, 16, 1
1071.200000, 5
1071.200000, 10
1074.200000, 7, 18
1074.200000, 8, 12, 3, 17, 6, 4
1074.200000, 13, 14
1074.200000, 2, 11
1074.200000, 15, 16, 1
1074.200000, 5
1074.200000, 9
1074.200000, 10
1077.200000, 7, 18
1077.200000, 8, 12, 3, 17, 4
1077.200000, 13, 14
1077.200000, 2, 11
1077.200000, 15, 16, 1
1077.200000, 5
1077.200000, 9
1077.200000, 10
1077.200000, 6
1080.200000, 7, 18
1080.200000, 8, 12, 3, 17, 4
1080.200000, 13, 14
1080.200000, 15, 16, 1
1080.200000, 5
1080.200000, 2, 11
1080.200000, 10
1080.200000, 9
1080.200000, 6
1083.200000, 7
1083.200000, 2, 11
1083.200000, 15, 16, 1
1083.200000, 10
1083.200000, 9
1083.200000, 8, 12, 3, 17, 5, 4
1083.200000, 13, 18, 14, 6
1086.200000, 7, 18
1086.200000, 2, 11
1086.200000, 15, 16, 1
1086.200000, 9
1086.200000, 8, 12, 3, 17, 5, 4
1086.200000, 10
1086.200000, 13, 14, 6
1089.200000, 7, 18
1089.200000, 15, 16, 1
1089.200000, 2, 11, 10
1089.200000, 9
1089.200000, 13, 14, 6
1089.200000, 8, 12, 3, 17, 5, 4
1092.200000, 7, 18
1092.200000, 15, 16, 1
1092.200000, 13, 14, 6
1092.200000, 8, 12, 3, 17, 4
1092.200000, 11, 5
1092.200000, 2, 9, 10
1095.200000, 7, 18
1095.200000, 15, 16, 1
1095.200000, 13, 14, 6
1095.200000, 8, 12, 3, 17, 4
1095.200000, 11, 5
1095.200000, 2, 9, 10
1098.200000, 7, 18
1098.200000, 15, 16, 1
1098.200000, 13, 14, 6
1098.200000, 8, 12, 3, 17, 4
1098.200000, 11, 5
1098.200000, 2, 9, 10
1101.200000, 7, 18
1101.200000, 15, 16, 1
1101.200000, 13, 14, 6
1101.200000, 8, 12, 3, 17, 4
1101.200000, 11, 5
1101.200000, 2, 9, 10
1104.200000, 7, 18
1104.200000, 13, 14, 6
1104.200000, 2, 9, 10
1104.200000, 8, 11, 12, 3, 17, 4
1104.200000, 15, 16, 1, 5
1107.200000, 7, 18
1107.200000, 13, 14, 6
1107.200000, 2, 9, 10
1107.200000, 8, 11, 12, 3, 17, 4
1107.200000, 16, 1, 5
1107.200000, 15
1110.200000, 7, 18
1110.200000, 13, 14, 6
1110.200000, 2, 9, 10
1110.200000, 8, 11, 12, 3, 17, 4
1110.200000, 16, 1, 5
1110.200000, 15
1113.200000, 7, 18
1113.200000, 13, 14, 6
1113.200000, 2, 9, 10
1113.200000, 8, 11, 3, 17, 4
1113.200000, 16, 1, 5
1113.200000, 15
1113.200000, 12
1116.200000, 7, 18
1116.200000, 13, 14, 6
1116.200000, 8, 11, 3, 17, 4
1116.200000, 16, 1, 5
1116.200000, 15
1116.200000, 2, 9, 12, 10
1119.200000, 7, 18
1119.200000, 13, 14, 6
1119.200000, 8, 11, 3, 17, 4
1119.200000, 16, 1, 5
1119.200000, 15
1119.200000, 2, 9, 12, 10
1122.200000, 7, 18
1122.200000, 13, 14, 6
1122.200000, 8, 11, 3, 17, 4
1122.200000, 16, 1, 5
1122.200000, 15
1122.200000, 2, 9, 12, 10
1125.200000, 7, 18
1125.200000, 13, 14, 6
1125.200000, 8, 11, 3, 17
1125.200000, 16, 1, 5
1125.200000, 15
1125.200000, 2, 9, 12, 10
1125.200000, 4
1128.200000, 7, 18
1128.200000, 13, 14, 6
1128.200000, 16, 1, 5
1128.200000, 15
1128.200000, 2, 9, 12, 10
1128.200000, 11, 17
1128.200000, 3
1128.200000, 4
1128.200000, 8
1131.200000, 7, 18
1131.200000, 16, 1, 5
1131.200000, 11, 17
1131.200000, 3
1131.200000, 2, 9, 12, 10, 4
1131.200000, 8, 15, 13, 14, 6
1134.200000, 7, 18
1134.200000, 16, 1, 5
1134.200000, 11, 17
1134.200000, 3
1134.200000, 2, 9, 12, 10, 4
1134.200000, 8, 15, 13, 14, 6
1137.200000, 7, 18
1137.200000, 16, 1, 5
1137.200000, 11
1137.200000, 3
1137.200000, 2, 9, 12, 10, 4
1137.200000, 8, 15, 13, 14, 6
1137.200000, 17
1140.200000, 7, 18
1140.200000, 16, 1, 5
1140.200000, 11
1140.200000, 3
1140.200000, 2, 9, 12, 10, 4
1140.200000, 8, 15, 13, 14, 6
1140.200000, 17
1143.200000, 7, 18
1143.200000, 11
1143.200000, 2, 9, 12, 10, 4
1143.200000, 17
1143.200000, 8, 16, 1, 5
1143.200000, 15, 13, 3, 14, 6
1146.200000, 7, 18
1146.200000, 11
1146.200000, 2, 9, 12, 10, 4
1146.200000, 17
1146.200000, 8, 16, 1, 5
1146.200000, 15, 13, 3, 14, 6
1149.200000, 7, 18
1149.200000, 11
1149.200000, 2, 9, 12, 10, 4
1149.200000, 17
1149.200000, 8, 16, 1, 5
1149.200000, 15, 13, 3, 14, 6
1152.200000, 7, 18
1152.200000, 11
1152.200000, 2, 9, 12, 10, 4
1152.200000, 8, 16, 1, 5
1152.200000, 15, 13, 14, 6
1152.200000, 3
1152.200000, 17
1155.200000, 7, 18
1155.200000, 11
1155.200000, 2, 9, 12, 10, 4
1155.200000, 8, 16, 1, 5
1155.200000, 15, 13, 14, 6
1155.200000, 3
1155.200000, 17
1158.200000, 7, 18
1158.200000, 11
1158.200000, 2, 9, 12, 10, 4
1158.200000, 8, 16, 1, 5
1158.200000, 15, 13, 14, 6
1158.200000, 3
1158.200000, 17
1161.200000, 7, 18
1161.200000, 11
1161.200000, 2, 9, 12, 10, 4
1161.200000, 8, 16, 1, 5
1161.200000, 15, 13, 14, 6
1161.200000, 3
1161.200000, 17
1164.200000, 7, 18
1164.200000, 2, 9, 12, 10, 4
1164.200000, 8, 16, 1, 5
1164.200000, 15, 13, 14, 6
1164.200000, 3
1164.200000, 11, 17
1167.200000, 7, 18
1167.200000, 2, 9, 10, 4
1167.200000, 8, 16, 1, 5
1167.200000, 15, 13, 14, 6
1167.200000, 3
1167.200000, 11, 17
1167.200000, 12
1170.200000, 7, 18
1170.200000, 2, 9, 10, 4
1170.200000, 15, 13, 14, 6
1170.200000, 11, 17
1170.200000, 8, 16, 12, 3, 1, 5
1173.200000, 7, 18
1173.200000, 2, 9, 10, 4
1173.200000, 15, 13, 14, 6
1173.200000, 11, 17
1173.200000, 8, 16, 12, 3, 1, 5
1176.200000, 7, 18
1176.200000, 2, 9, 10, 4
1176.200000, 15, 13, 14, 6
1176.200000, 11, 17
1176.200000, 8, 16, 12, 3, 1, 5
1179.200000, 7, 18
1179.200000, 2, 9, 10, 4
1179.200000, 15, 13, 14, 6
1179.200000, 11, 17
1179.200000, 8, 16, 12, 3, 1, 5
1182.200000, 7, 18
1182.200000, 2, 9, 10, 4
1182.200000, 15, 13, 14, 6
1182.200000, 11, 17
1182.200000, 8, 16, 12, 3, 1, 5
1185.200000, 7, 18
1185.200000, 2, 9, 10, 4
1185.200000, 15, 13, 14, 6
1185.200000, 11, 17
1185.200000, 8, 16, 12, 3, 1, 5
1188.200000, 7, 18
1188.200000, 2, 9, 10, 4
1188.200000, 15, 13, 14, 6
1188.200000, 11, 17
1188.200000, 8, 16, 12, 3, 1, 5
1191.200000, 7, 18
1191.200000, 2, 9, 10, 4
1191.200000, 15, 13, 14, 6
1191.200000, 11, 17
1191.200000, 8, 16, 12, 3, 1, 5
1194.200000, 7, 18
1194.200000, 2, 9, 10, 4
1194.200000, 15, 13, 14, 6
1194.200000, 11, 17
1194.200000, 8, 16, 12, 3, 1, 5
1197.200000, 7, 18
1197.200000, 2, 9, 10, 4
1197.200000, 15, 13, 14, 6
1197.200000, 11, 17
1197.200000, 8, 16, 12, 3, 1, 5
1200.200000, 7, 18
1200.200000, 2, 9, 10, 4
1200.200000, 15, 13, 14, 6
1200.200000, 11, 17
1200.200000, 8, 16, 12, 3, 1, 5
1203.200000, 7, 18
1203.200000, 2, 9, 10, 4
1203.200000, 15, 13, 14, 6
1203.200000, 11, 17
1203.200000, 8, 16, 12, 3, 1, 5
1206.200000, 7, 18
1206.200000, 2, 9, 10, 4
1206.200000, 15, 13, 14, 6
1206.200000, 11, 17
1206.200000, 8, 16, 12, 3, 1, 5
1209.200000, 7, 18
1209.200000, 2, 9, 10, 4
1209.200000, 15, 13, 14, 6
1209.200000, 11, 17
1209.200000, 8, 16, 12, 3, 1, 5
1212.200000, 7, 18
1212.200000, 2, 9, 10, 4
1212.200000, 15, 13, 14, 6
1212.200000, 11, 17
1212.200000, 8, 16, 12, 3, 1, 5
1215.200000, 7, 18
1215.200000, 2, 9, 10, 4
1215.200000, 15, 13, 14, 6
1215.200000, 11, 17
1215.200000, 8, 16, 12, 3, 1, 5
1218.200000, 7, 18
1218.200000, 2, 9, 10, 4
1218.200000, 15, 13, 14, 6
1218.200000, 11, 17
1218.200000, 8, 16, 12, 3, 1, 5
1221.200000, 7, 18
1221.200000, 2, 9, 10, 4
1221.200000, 15, 13, 14, 6
1221.200000, 11, 17
1221.200000, 8, 16, 12, 3, 1, 5
1224.200000, 7, 18
1224.200000, 2, 9, 10, 4
1224.200000, 15, 13, 14, 6
1224.200000, 11, 17
1224.200000, 8, 16, 12, 3, 1, 5
1227.200000, 7, 18
1227.200000, 2, 9, 10, 4
1227.200000, 15, 13, 14, 6
1227.200000, 11, 17
1227.200000, 8, 16, 12, 3, 1, 5
1230.200000, 7, 18
1230.200000, 2, 9, 10, 4
1230.200000, 15, 13, 14, 6
1230.200000, 11, 17
1230.200000, 8, 16, 12, 3, 1, 5
1233.200000, 7, 18
1233.200000, 2, 9, 10, 4
1233.200000, 15, 13, 14, 6
1233.200000, 11, 17
1233.200000, 8, 16, 12, 3, 1, 5
1236.200000, 7, 18
1236.200000, 2, 9, 10, 4
1236.200000, 15, 13, 14, 6
1236.200000, 11, 17
1236.200000, 8, 16, 12, 3, 1, 5
1239.200000, 7, 18
1239.200000, 2, 9, 10, 4
1239.200000, 15, 13, 14, 6
1239.200000, 11, 17
1239.200000, 8, 16, 12, 3, 1, 5
1242.200000, 7, 18
1242.200000, 2, 9, 10, 4
1242.200000, 15, 13, 14, 6
1242.200000, 11, 17
1242.200000, 8, 12, 3, 1, 5
1242.200000, 16
1245.200000, 7, 18
1245.200000, 2, 9, 10, 4
1245.200000, 15, 13, 14, 6
1245.200000, 11, 17
1245.200000, 8, 12, 3, 1, 5
1245.200000, 16
1248.200000, 7, 18
1248.200000, 2, 9, 10, 4
1248.200000, 15, 13, 14, 6
1248.200000, 11, 17
1248.200000, 8, 16, 12, 3, 1, 5
1251.200000, 7, 18
1251.200000, 2, 9, 10, 4
1251.200000, 15, 13, 14, 6
1251.200000, 11, 17
1251.200000, 8, 12, 3, 1, 5
1251.200000, 16
1254.200000, 7, 18
1254.200000, 2, 9, 10, 4
1254.200000, 15, 13, 14, 6
1254.200000, 11, 17
1254.200000, 8, 12, 3, 1, 5
1254.200000, 16
1257.200000, 7, 18
1257.200000, 15, 13, 14, 6
1257.200000, 11, 17
1257.200000, 8, 12, 3, 1, 5
1257.200000, 2, 9, 16, 10, 4
1260.200000, 7, 18
1260.200000, 15, 13, 14, 6
1260.200000, 11, 17
1260.200000, 8, 12, 3, 1, 5
1260.200000, 2, 9, 16, 10, 4
1263.200000, 7, 18
1263.200000, 15, 13, 14, 6
1263.200000, 11, 17
1263.200000, 8, 12, 3, 1, 5
1263.200000, 2, 9, 16, 10, 4
1266.200000, 7, 18
1266.200000, 15, 13, 14, 6
1266.200000, 11, 17
1266.200000, 8, 12, 3, 1, 5
1266.200000, 2, 9, 16, 10, 4
1269.200000, 7, 18
1269.200000, 15, 13, 14, 6
1269.200000, 11, 17
1269.200000, 8, 12, 3, 1, 5
1269.200000, 2, 9, 16, 10, 4
1272.200000, 7, 18
1272.200000, 15, 13, 14, 6
1272.200000, 11, 17
1272.200000, 8, 12, 3, 1, 5
1272.200000, 2, 9, 16, 10, 4
1275.200000, 7, 18
1275.200000, 15, 13, 14, 6
1275.200000, 11, 17
1275.200000, 8, 12, 3, 1, 5
1275.200000, 2, 9, 16, 10, 4
1278.200000, 7, 18
1278.200000, 15, 13, 14, 6
1278.200000, 11, 17
1278.200000, 8, 12, 3, 1, 5
1278.200000, 2, 9, 16, 10, 4
1281.200000, 7, 18
1281.200000, 15, 13, 14, 6
1281.200000, 11, 17
1281.200000, 8, 12, 3, 1, 5
1281.200000, 2, 9, 16, 10, 4
1284.200000, 7, 18
1284.200000, 15, 13, 14, 6
1284.200000, 11, 17
1284.200000, 8, 12, 3, 1, 5
1284.200000, 2, 9, 16, 10, 4
1287.200000, 7, 18
1287.200000, 15, 13, 14, 6
1287.200000, 11, 17
1287.200000, 8, 12, 3, 1, 5
1287.200000, 2, 9, 16, 10, 4
1290.200000, 7, 18
1290.200000, 15, 13, 14, 6
1290.200000, 11, 17
1290.200000, 8, 12, 3, 1, 5
1290.200000, 2, 9, 16, 10, 4
1293.200000, 7, 18
1293.200000, 15, 13, 14, 6
1293.200000, 11, 17
1293.200000, 8, 12, 3, 1, 5
1293.200000, 2, 9, 16, 10, 4
1296.200000, 7, 18
1296.200000, 15, 13, 14, 6
1296.200000, 11, 17
1296.200000, 8, 12, 3, 1, 5
1296.200000, 2, 9, 16, 10, 4
1299.200000, 7, 18
1299.200000, 15, 13, 14, 6
1299.200000, 11, 17
1299.200000, 8, 12, 3, 1, 5
1299.200000, 2, 9, 16, 10, 4
1302.200000, 7, 18
1302.200000, 15, 13, 14, 6
1302.200000, 11, 17
1302.200000, 8, 12, 3, 1, 5
1302.200000, 2, 9, 16, 10, 4
1305.200000, 7, 18
1305.200000, 15, 13, 14, 6
1305.200000, 11, 17
1305.200000, 8, 12, 3, 1, 5
1305.200000, 2, 9, 16, 10, 4
1308.200000, 7, 18
1308.200000, 15, 13, 14, 6
1308.200000, 11, 17
1308.200000, 8, 12, 3, 1, 5
1308.200000, 2, 9, 16, 10, 4
1311.200000, 7, 18
1311.200000, 15, 13, 14, 6
1311.200000, 11, 17
1311.200000, 8, 12, 3, 1, 5
1311.200000, 2, 9, 16, 10, 4
1314.200000, 7, 18
1314.200000, 15, 13, 14, 6
1314.200000, 11, 17
1314.200000, 8, 12, 3, 1, 5
1314.200000, 2, 9, 16, 10, 4
1317.200000, 7, 18
1317.200000, 15, 14, 6
1317.200000, 8, 12, 3, 1, 5
1317.200000, 2, 9, 16, 10, 4
1317.200000, 13, 11, 17
1320.200000, 7, 18
1320.200000, 15, 14, 6
1320.200000, 8, 12, 3, 1, 5
1320.200000, 2, 9, 16, 10, 4
1320.200000, 13, 11, 17
1323.200000, 7, 18
1323.200000, 15, 14, 6
1323.200000, 8, 12, 3, 1, 5
1323.200000, 2, 9, 16, 10, 4
1323.200000, 13, 11, 17
1326.200000, 7, 18
1326.200000, 15, 14, 6
1326.200000, 8, 12, 3, 1, 5
1326.200000, 2, 9, 16, 10, 4
1326.200000, 13, 11, 17
1329.200000, 7, 18
1329.200000, 15, 14, 6
1329.200000, 8, 12, 3, 1, 5
1329.200000, 2, 9, 16, 10, 4
1329.200000, 13, 11, 17
1332.200000, 7, 18
1332.200000, 15, 14, 6
1332.200000, 8, 12, 3, 1, 5
1332.200000, 2, 9, 16, 10, 4
1332.200000, 13, 11, 17
1335.200000, 7, 18
1335.200000, 15, 14, 6
1335.200000, 8, 12, 3, 1, 5
1335.200000, 2, 9, 16, 10, 4
1335.200000, 13, 11, 17
1338.200000, 7, 18
1338.200000, 15, 14, 6
1338.200000, 8, 12, 3, 1, 5
1338.200000, 2, 9, 16, 10, 4
1338.200000, 13, 11, 17
1341.200000, 7, 18
1341.200000, 15, 14, 6
1341.200000, 8, 12, 3, 1, 5
1341.200000, 2, 9, 16, 10, 4
1341.200000, 13, 11, 17
1344.200000, 7, 18
1344.200000, 15, 14, 6
1344.200000, 8, 12, 3, 1, 5
1344.200000, 2, 9, 16, 10, 4
1344.200000, 13, 11, 17
1347.200000, 7, 18
1347.200000, 15, 14, 6
1347.200000, 8, 12, 3, 1, 5
1347.200000, 2, 9, 16, 10, 4
1347.200000, 13, 11, 17
1350.200000, 7, 18
1350.200000, 15, 14, 6
1350.200000, 8, 12, 3, 1, 5
1350.200000, 2, 9, 16, 10, 4
1350.200000, 13, 11, 17
1353.200000, 7, 18
1353.200000, 15, 14, 6
1353.200000, 8, 12, 3, 1, 5
1353.200000, 2, 9, 16, 10, 4
1353.200000, 13, 11, 17
1356.200000, 2, 9, 16, 10, 4
1356.200000, 13, 11, 17
1356.200000, 15, 7, 14, 6
1356.200000, 8, 12, 3, 18, 1, 5
1359.200000, 2, 9, 16, 10, 4
1359.200000, 11, 17
1359.200000, 15, 7, 14, 6
1359.200000, 8, 12, 3, 18, 1, 5
1359.200000, 13
1362.200000, 2, 9, 16, 10, 4
1362.200000, 13, 11, 17
1362.200000, 8, 12, 3, 18, 1, 5
1362.200000, 15, 7, 14, 6
1365.200000, 2, 9, 16, 10, 4
1365.200000, 11, 17
1365.200000, 15, 7, 14, 6
1365.200000, 8, 13, 12, 3, 18, 1, 5
1368.200000, 2, 9, 16, 10, 4
1368.200000, 11, 17
1368.200000, 15, 7, 14, 6
1368.200000, 8, 13, 12, 3, 18, 1, 5
1371.200000, 2, 9, 16, 10, 4
1371.200000, 11, 17
1371.200000, 15, 7, 14, 6
1371.200000, 8, 13, 12, 3, 18, 1, 5
1374.200000, 2, 9, 16, 10, 4
1374.200000, 11, 17
1374.200000, 15, 7, 14, 6
1374.200000, 8, 13, 12, 3, 18, 1, 5
1377.200000, 2, 9, 16, 10, 4
1377.200000, 11, 17
1377.200000, 15, 7, 14, 6
1377.200000, 8, 13, 12, 3, 18, 1, 5
1380.200000, 2, 9, 16, 10, 4
1380.200000, 11, 17
1380.200000, 15, 7, 14, 6
1380.200000, 8, 13, 12, 3, 18, 1, 5
1383.200000, 2, 9, 16, 10, 4
1383.200000, 11, 17
1383.200000, 15, 7, 14, 6
1383.200000, 8, 13, 12, 3, 18, 1, 5
1386.200000, 2, 9, 16, 10, 4
1386.200000, 11, 17
1386.200000, 15, 7, 14, 6
1386.200000, 8, 13, 12, 3, 18, 1, 5
1389.200000, 2, 9, 16, 10, 4
1389.200000, 11, 17
1389.200000, 15, 7, 14, 6
1389.200000, 8, 13, 12, 3, 18, 1, 5
1392.200000, 2, 9, 16, 10, 4
1392.200000, 11, 17
1392.200000, 15, 7, 14, 6
1392.200000, 8, 13, 12, 3, 18, 1, 5
1395.200000, 2, 9, 16, 10, 4
1395.200000, 11, 17
1395.200000, 15, 7, 14, 6
1395.200000, 8, 13, 12, 3, 18, 1, 5
1398.200000, 2, 9, 16, 10, 4
1398.200000, 11, 17
1398.200000, 15, 7, 14, 6
1398.200000, 8, 13, 12, 3, 18, 1, 5
1401.200000, 2, 9, 16, 10, 4
1401.200000, 11, 17
1401.200000, 15, 7, 14, 6
1401.200000, 8, 13, 12, 3, 18, 1, 5
1404.200000, 2, 9, 16, 10, 4
1404.200000, 11, 17
1404.200000, 15, 7, 14, 6
1404.200000, 8, 13, 12, 3, 18, 1, 5
1407.200000, 2, 9, 16, 10, 4
1407.200000, 11, 17
1407.200000, 15, 7, 14, 6
1407.200000, 8, 13, 12, 3, 18, 1, 5
1410.200000, 2, 9, 16, 10, 4
1410.200000, 11, 17
1410.200000, 15, 7, 14, 6
1410.200000, 8, 13, 12, 3, 18, 1, 5
1413.200000, 2, 9, 16, 10, 4
1413.200000, 11, 17
1413.200000, 15, 7, 14, 6
1413.200000, 8, 13, 12, 3, 18, 1, 5
1416.200000, 2, 9, 16, 10, 4
1416.200000, 11, 17
1416.200000, 15, 7, 14, 6
1416.200000, 8, 13, 12, 3, 18, 1, 5
1419.200000, 2, 9, 16, 10, 4
1419.200000, 11, 17
1419.200000, 15, 7, 14, 6
1419.200000, 8, 13, 12, 3, 18, 1, 5
1422.200000, 2, 9, 16, 10, 4
1422.200000, 11, 17
1422.200000, 15, 7, 14, 6
1422.200000, 8, 13, 12, 3, 18, 1, 5
1425.200000, 2, 9, 16, 10, 4
1425.200000, 11, 17
1425.200000, 15, 7, 14, 6
1425.200000, 8, 13, 12, 3, 18, 1, 5
1428.200000, 2, 9, 16, 10, 4
1428.200000, 11, 17
1428.200000, 15, 7, 14, 6
1428.200000, 8, 13, 12, 3, 18, 1, 5
1431.200000, 2, 9, 16, 10, 4
1431.200000, 11, 17
1431.200000, 15, 7, 14, 6
1431.200000, 8, 13, 12, 3, 18, 1, 5
1434.200000, 2, 9, 16, 10, 4
1434.200000, 11, 17
1434.200000, 15, 7, 14, 6
1434.200000, 8, 13, 12, 3, 18, 1
1434.200000, 5
1437.200000, 2, 9, 16, 10, 4
1437.200000, 15, 7, 14, 6
1437.200000, 8, 13, 12, 3, 18, 1
1437.200000, 11, 17, 5
1440.200000, 2, 9, 16, 10, 4
1440.200000, 15, 7, 14, 6
1440.200000, 8, 13, 12, 3, 18, 1
1440.200000, 11, 17, 5
1443.200000, 2, 9, 16, 10, 4
1443.200000, 15, 7, 14, 6
1443.200000, 8, 13, 12, 3, 18, 1
1443.200000, 11, 17, 5
1446.200000, 2, 9, 16, 10, 4
1446.200000, 15, 7, 14, 6
1446.200000, 8, 13, 12, 3, 18, 1
1446.200000, 11, 17, 5
1449.200000, 2, 9, 16, 10, 4
1449.200000, 15, 7, 14, 6
1449.200000, 8, 13, 12, 3, 18, 1
1449.200000, 11, 17, 5
1452.200000, 2, 9, 16, 10, 4
1452.200000, 15, 7, 14, 6
1452.200000, 8, 13, 12, 3, 18, 1
1452.200000, 11, 17, 5
1455.200000, 2, 9, 16, 10, 4
1455.200000, 15, 7, 14, 6
1455.200000, 8, 13, 12, 3, 18, 1
1455.200000, 11, 17, 5
1458.200000, 2, 9, 16, 10, 4
1458.200000, 15, 7, 14, 6
1458.200000, 8, 13, 12, 3, 18, 1
1458.200000, 11, 17, 5
1461.200000, 2, 9, 16, 10, 4
1461.200000, 15, 7, 14, 6
1461.200000, 8, 13, 12, 3, 18, 1
1461.200000, 11, 17, 5
1464.200000, 2, 9, 16, 10, 4
1464.200000, 15, 7, 14, 6
1464.200000, 8, 13, 12, 3, 18, 1
1464.200000, 11, 17, 5
1467.200000, 2, 9, 16, 10, 4
1467.200000, 15, 7, 14, 6
1467.200000, 8, 13, 12, 3, 18, 1
1467.200000, 11, 17, 5
1470.200000, 2, 9, 16, 10, 4
1470.200000, 15, 7, 14, 6
1470.200000, 8, 13, 12, 3, 18, 1
1470.200000, 11, 17, 5
1473.200000, 2, 9, 16, 10, 4
1473.200000, 15, 7, 14, 6
1473.200000, 8, 13, 12, 3, 18, 1
1473.200000, 11, 17, 5
1476.200000, 2, 9, 16, 10, 4
1476.200000, 15, 7, 14, 6
1476.200000, 8, 13, 12, 3, 18, 1
1476.200000, 11, 17, 5
1479.200000, 2, 9, 16, 10, 4
1479.200000, 15, 7, 14, 6
1479.200000, 8, 13, 12, 3, 18, 1
1479.200000, 11, 17, 5
1482.200000, 2, 9, 16, 10, 4
1482.200000, 15, 7, 14, 6
1482.200000, 8, 13, 12, 3, 18, 1
1482.200000, 11, 17, 5
1485.200000, 2, 9, 16, 10, 4
1485.200000, 15, 7, 14, 6
1485.200000, 8, 13, 12, 3, 18, 1
1485.200000, 11, 17, 5
1488.200000, 2, 9, 16, 10, 4
1488.200000, 15, 7, 14, 6
1488.200000, 8, 13, 12, 3, 18, 1
1488.200000, 11, 17, 5
1491.200000, 2, 9, 16, 10, 4
1491.200000, 15, 7, 14, 6
1491.200000, 8, 13, 12, 3, 18, 1
1491.200000, 11, 17, 5
1494.200000, 2, 9, 16, 10, 4
1494.200000, 15, 7, 14, 6
1494.200000, 8, 13, 12, 3, 18, 1
1494.200000, 11, 17, 5
1497.200000, 2, 9, 16, 10, 4
1497.200000, 15, 7, 14, 6
1497.200000, 8, 13, 12, 3, 18, 1
1497.200000, 11, 17, 5
1500.200000, 2, 9, 16, 10, 4
1500.200000, 15, 7, 14, 6
1500.200000, 8, 13, 12, 3, 18, 1
1500.200000, 11, 17, 5
1503.200000, 2, 9, 16, 10, 4
1503.200000, 15, 7, 14, 6
1503.200000, 8, 13, 12, 3, 18, 1
1503.200000, 11, 17, 5
1506.200000, 2, 9, 16, 10, 4
1506.200000, 15, 7, 14, 6
1506.200000, 8, 13, 12, 3, 18, 1
1506.200000, 11, 17, 5
1509.200000, 2, 9, 16, 10, 4
1509.200000, 15, 7, 14, 6
1509.200000, 8, 13, 12, 3, 18, 1
1509.200000, 11, 17, 5
1512.200000, 2, 9, 16, 10, 4
1512.200000, 15, 7, 14, 6
1512.200000, 8, 13, 12, 3, 18, 1
1512.200000, 11, 17, 5
1515.200000, 2, 9, 16, 10, 4
1515.200000, 15, 7, 14, 6
1515.200000, 8, 13, 12, 3, 18, 1
1515.200000, 11, 17, 5
1518.200000, 2, 9, 16, 10, 4
1518.200000, 15, 7, 14, 6
1518.200000, 8, 13, 12, 3, 18, 1
1518.200000, 11, 17, 5
1521.200000, 2, 9, 16, 10, 4
1521.200000, 15, 7, 14, 6
1521.200000, 8, 13, 12, 3, 18, 1
1521.200000, 11, 17, 5
1524.200000, 2, 9, 16, 10, 4
1524.200000, 15, 7, 14, 6
1524.200000, 8, 13, 12, 3, 18, 1
1524.200000, 11, 17, 5
1527.200000, 2, 9, 16, 10, 4
1527.200000, 15, 7, 14, 6
1527.200000, 8, 13, 12, 3, 18, 1
1527.200000, 11, 17, 5
1530.200000, 2, 9, 16, 10, 4
1530.200000, 15, 7, 14, 6
1530.200000, 8, 13, 12, 3, 18, 1
1530.200000, 11, 17, 5
1533.200000, 2, 9, 16, 10, 4
1533.200000, 15, 7, 14, 6
1533.200000, 8, 13, 12, 3, 18, 1
1533.200000, 11, 17, 5
1536.200000, 2, 9, 16, 10, 4
1536.200000, 15, 7, 14, 6
1536.200000, 8, 13, 12, 3, 18, 1
1536.200000, 11, 17, 5
1539.200000, 2, 9, 16, 10, 4
1539.200000, 15, 7, 14, 6
1539.200000, 8, 13, 12, 3, 18, 1
1539.200000, 11, 17, 5
1542.200000, 2, 9, 16, 10, 4
1542.200000, 15, 7, 14, 6
1542.200000, 8, 13, 12, 3, 18, 1
1542.200000, 11, 17, 5
1545.200000, 2, 9, 16, 10, 4
1545.200000, 15, 7, 14, 6
1545.200000, 8, 13, 12, 3, 18, 1
1545.200000, 11, 17, 5
1548.200000, 2, 9, 16, 10, 4
1548.200000, 15, 7, 14, 6
1548.200000, 8, 13, 12, 3, 18, 1
1548.200000, 11, 17, 5
1551.200000, 2, 9, 16, 10, 4
1551.200000, 15, 7, 14, 6
1551.200000, 8, 13, 12, 3, 18, 1
1551.200000, 11, 17, 5
1554.200000, 2, 9, 16, 10, 4
1554.200000, 15, 7, 14, 6
1554.200000, 8, 13, 12, 3, 18, 1
1554.200000, 11, 17, 5
1557.200000, 2, 9, 16, 10, 4
1557.200000, 15, 7, 14, 6
1557.200000, 8, 13, 12, 3, 18, 1
1557.200000, 11, 17, 5
1560.200000, 2, 9, 16, 10, 4
1560.200000, 15, 7, 14, 6
1560.200000, 8, 13, 12, 3, 18, 1
1560.200000, 11, 17, 5
1563.200000, 2, 9, 16, 10, 4
1563.200000, 15, 7, 14, 6
1563.200000, 8, 13, 12, 3, 18, 1
1563.200000, 11, 17, 5
1566.200000, 2, 9, 16, 10, 4
1566.200000, 15, 7, 14, 6
1566.200000, 8, 13, 12, 3, 18, 1
1566.200000, 11, 17, 5
1569.200000, 2, 9, 16, 10, 4
1569.200000, 15, 7, 14, 6
1569.200000, 8, 13, 12, 3, 18, 1
1569.200000, 11, 17, 5
1572.200000, 2, 9, 16, 10, 4
1572.200000, 15, 7, 14, 6
1572.200000, 8, 13, 12, 3, 18, 1
1572.200000, 11, 17, 5
1575.200000, 2, 9, 16, 10, 4
1575.200000, 15, 7, 14, 6
1575.200000, 8, 13, 12, 3, 18, 1
1575.200000, 11, 17, 5
1578.200000, 2, 9, 16, 10, 4
1578.200000, 15, 7, 14, 6
1578.200000, 8, 13, 12, 3, 18, 1
1578.200000, 11, 17, 5
1581.200000, 2, 9, 16, 10, 4
1581.200000, 15, 7, 14, 6
1581.200000, 8, 13, 12, 3, 18, 1
1581.200000, 11, 17, 5
1584.200000, 2, 9, 16, 10, 4
1584.200000, 15, 7, 14, 6
1584.200000, 8, 13, 12, 3, 18, 1
1584.200000, 11, 17, 5
1587.200000, 2, 9, 16, 10, 4
1587.200000, 15, 7, 14, 6
1587.200000, 8, 13, 12, 3, 18, 1
1587.200000, 11, 17, 5
1590.200000, 2, 9, 16, 10, 4
1590.200000, 15, 7, 14, 6
1590.200000, 8, 13, 12, 3, 18, 1
1590.200000, 11, 17, 5
1593.200000, 2, 9, 16, 10, 4
1593.200000, 15, 7, 14, 6
1593.200000, 8, 13, 12, 3, 18, 1
1593.200000, 11, 17, 5
1596.200000, 2, 9, 16, 10, 4
1596.200000, 15, 7, 14, 6
1596.200000, 8, 13, 12, 3, 18, 1
1596.200000, 11, 17, 5
1599.200000, 2, 9, 16, 10, 4
1599.200000, 15, 7, 14, 6
1599.200000, 8, 13, 12, 3, 18, 1
1599.200000, 11, 17, 5
1602.200000, 2, 9, 16, 10, 4
1602.200000, 15, 7, 14, 6
1602.200000, 8, 13, 12, 3, 18, 1
1602.200000, 11, 17, 5
1605.200000, 2, 9, 16, 10, 4
1605.200000, 7, 14
1605.200000, 8, 13, 12, 1
1605.200000, 11, 17, 5
1605.200000, 3, 18
1605.200000, 15, 6
1608.200000, 2, 9, 16, 10, 4
1608.200000, 7, 14
1608.200000, 8, 13, 12, 3, 18, 1
1608.200000, 11, 17, 5
1608.200000, 15, 6
1611.200000, 2, 9, 16, 10, 4
1611.200000, 7, 14
1611.200000, 8, 13, 12, 3, 18, 1
1611.200000, 11, 17, 5
1611.200000, 15, 6
1614.200000, 2, 9, 16, 10, 4
1614.200000, 7, 14
1614.200000, 8, 13, 12, 3, 18, 1
1614.200000, 11, 17, 5
1614.200000, 15, 6
1617.200000, 2, 9, 16, 10, 4
1617.200000, 7, 14
1617.200000, 8, 13, 12, 3, 18, 1
1617.200000, 11, 17, 5
1617.200000, 15, 6
1620.200000, 2, 9, 16, 10, 4
1620.200000, 7, 14
1620.200000, 8, 13, 12, 3, 18, 1
1620.200000, 11, 17, 5
1620.200000, 15, 6
1623.200000, 2, 9, 16, 10, 4
1623.200000, 7, 14
1623.200000, 8, 13, 12, 3, 18, 1
1623.200000, 11, 17, 5
1623.200000, 15, 6
1626.200000, 2, 9, 16, 10, 4
1626.200000, 7, 14
1626.200000, 8, 13, 12, 3, 18, 1
1626.200000, 11, 17, 5
1626.200000, 15, 6
1629.200000, 2, 9, 16, 10, 4
1629.200000, 7, 14
1629.200000, 8, 13, 12, 3, 18, 1
1629.200000, 11, 17, 5
1629.200000, 15, 6
1632.200000, 2, 9, 16, 10, 4
1632.200000, 7, 14
1632.200000, 8, 13, 12, 3, 18, 1
1632.200000, 11, 17, 5
1632.200000, 15, 6
1635.200000, 2, 9, 16, 10, 4
1635.200000, 7, 14
1635.200000, 8, 13, 12, 3, 18, 1
1635.200000, 11, 17, 5
1635.200000, 15, 6
1638.200000, 2, 9, 16, 10, 4
1638.200000, 7, 14
1638.200000, 8, 13, 12, 3, 18, 1
1638.200000, 11, 17, 5
1638.200000, 15, 6
1641.200000, 2, 9, 16, 10, 4
1641.200000, 7, 14
1641.200000, 8, 13, 12, 3, 18, 1
1641.200000, 11, 17, 5
1641.200000, 15, 6
1644.200000, 2, 9, 16, 10, 4
1644.200000, 7, 14
1644.200000, 8, 13, 12, 3, 18, 1
1644.200000, 11, 17, 5
1644.200000, 15, 6
1647.200000, 2, 9, 16, 10, 4
1647.200000, 7, 14
1647.200000, 8, 13, 12, 3, 18, 1
1647.200000, 11, 17, 5
1647.200000, 15, 6
1650.200000, 2, 9, 16, 10, 4
1650.200000, 7, 14
1650.200000, 8, 13, 12, 3, 18, 1
1650.200000, 11, 17, 5
1650.200000, 15, 6
1653.200000, 2, 9, 16, 10, 4
1653.200000, 7, 14
1653.200000, 8, 13, 12, 3, 18, 1
1653.200000, 11, 17, 5
1653.200000, 15, 6
1656.200000, 2, 9, 16, 10, 4
1656.200000, 7, 14
1656.200000, 8, 13, 12, 3, 18, 1
1656.200000, 11, 17, 5
1656.200000, 15, 6
1659.200000, 2, 9, 16, 10, 4
1659.200000, 7, 14
1659.200000, 8, 13, 12, 3, 18, 1
1659.200000, 11, 17, 5
1659.200000, 15, 6
1662.200000, 2, 9, 16, 10, 4
1662.200000, 7, 14
1662.200000, 8, 13, 12, 3, 18, 1
1662.200000, 11, 17, 5
1662.200000, 15, 6
1665.200000, 2, 9, 16, 10, 4
1665.200000, 7, 14
1665.200000, 8, 13, 12, 3, 18, 1
1665.200000, 11, 17, 5
1665.200000, 15, 6
1668.200000, 2, 9, 16, 10, 4
1668.200000, 7, 14
1668.200000, 8, 13, 12, 3, 18, 1
1668.200000, 11, 17, 5
1668.200000, 15, 6
1671.200000, 2, 9, 16, 10, 4
1671.200000, 7, 14
1671.200000, 8, 13, 12, 3, 18, 1
1671.200000, 11, 17, 5
1671.200000, 15, 6
1674.200000, 2, 9, 16, 10, 4
1674.200000, 7, 14
1674.200000, 8, 13, 12, 3, 18, 1
1674.200000, 11, 17, 5
1674.200000, 15, 6
1677.200000, 2, 9, 16, 10, 4
1677.200000, 7, 14
1677.200000, 8, 13, 12, 3, 18, 1
1677.200000, 11, 17, 5
1677.200000, 15, 6
1680.200000, 2, 9, 16, 10, 4
1680.200000, 7, 14
1680.200000, 8, 13, 12, 3, 18, 1
1680.200000, 11, 17, 5
1680.200000, 15, 6
1683.200000, 2, 9, 16, 10, 4
1683.200000, 7, 14
1683.200000, 8, 13, 12, 3, 18, 1
1683.200000, 11, 17, 5
1683.200000, 15, 6
1686.200000, 2, 9, 16, 10, 4
1686.200000, 7, 14
1686.200000, 8, 13, 12, 3, 18, 1
1686.200000, 11, 17, 5
1686.200000, 15, 6
1689.200000, 2, 9, 16, 10, 4
1689.200000, 7, 14
1689.200000, 8, 13, 12, 3, 18, 1
1689.200000, 11, 17, 5
1689.200000, 15, 6
1692.200000, 2, 9, 16, 10, 4
1692.200000, 7, 14
1692.200000, 8, 13, 12, 3, 18, 1
1692.200000, 11, 17, 5
1692.200000, 15, 6
1695.200000, 2, 9, 16, 10, 4
1695.200000, 7, 14
1695.200000, 8, 13, 12, 3, 18, 1
1695.200000, 11, 17, 5
1695.200000, 15, 6
1698.200000, 2, 9, 16, 10, 4
1698.200000, 7, 14
1698.200000, 8, 13, 12, 3, 18, 1
1698.200000, 11, 17, 5
1698.200000, 15, 6
1701.200000, 2, 9, 16, 10, 4
1701.200000, 7, 14
1701.200000, 8, 13, 12, 3, 18, 1
1701.200000, 11, 17, 5
1701.200000, 15, 6
1704.200000, 2, 9, 16, 10, 4
1704.200000, 7, 14
1704.200000, 8, 13, 12, 3, 18, 1
1704.200000, 11, 17, 5
1704.200000, 15, 6
1707.200000, 2, 9, 16, 10, 4
1707.200000, 7, 14
1707.200000, 8, 13, 12, 3, 18, 1
1707.200000, 11, 17, 5
1707.200000, 15, 6
1710.200000, 2, 9, 16, 10, 4
1710.200000, 7, 14
1710.200000, 8, 13, 12, 3, 18, 1
1710.200000, 11, 17, 5
1710.200000, 15, 6
1713.200000, 2, 9, 16, 10, 4
1713.200000, 7, 14
1713.200000, 8, 13, 12, 3, 18, 1
1713.200000, 11, 17, 5
1713.200000, 15, 6
1716.200000, 2, 9, 16, 10, 4
1716.200000, 7, 14
1716.200000, 8, 13, 12, 3, 18, 1
1716.200000, 11, 17, 5
1716.200000, 15, 6
1719.200000, 2, 9, 16, 10, 4
1719.200000, 7, 14
1719.200000, 3, 18
1719.200000, 11, 17, 5
1719.200000, 15, 6
1719.200000, 8, 13, 1
1719.200000, 12
1722.200000, 2, 9, 16, 10, 4
1722.200000, 3, 18
1722.200000, 11, 17, 5
1722.200000, 15, 6
1722.200000, 8, 13, 1
1722.200000, 7, 12, 14
1725.200000, 2, 9, 16, 10, 4
1725.200000, 3, 18
1725.200000, 11, 17, 5
1725.200000, 15, 6
1725.200000, 8, 13, 1
1725.200000, 7, 12, 14
1728.200000, 2, 9, 16, 10, 4
1728.200000, 3, 18
1728.200000, 11, 17, 5
1728.200000, 15, 6
1728.200000, 8, 13, 1
1728.200000, 7, 12, 14
1731.200000, 2, 9, 16, 10, 4
1731.200000, 3, 18
1731.200000, 11, 17, 5
1731.200000, 15, 6
1731.200000, 8, 13, 1
1731.200000, 7, 12, 14
1734.200000, 2, 9, 16, 10, 4
1734.200000, 18
1734.200000, 11, 17, 5
1734.200000, 15, 6
1734.200000, 8, 13, 1
1734.200000, 7, 12, 3, 14
1737.200000, 2, 9, 16, 10, 4
1737.200000, 11, 17, 5
1737.200000, 15, 6
1737.200000, 8, 13, 1
1737.200000, 7, 12, 3, 18, 14
1740.200000, 2, 9, 16, 10, 4
1740.200000, 11, 17, 5
1740.200000, 15, 6
1740.200000, 8, 13, 1
1740.200000, 7, 12, 3, 18, 14
1743.200000, 2, 9, 16, 10, 4
1743.200000, 11, 17, 5
1743.200000, 15, 6
1743.200000, 8, 13, 1
1743.200000, 7, 12, 3, 18, 14
1746.200000, 2, 9, 16, 10, 4
1746.200000, 11, 17, 5
1746.200000, 15, 6
1746.200000, 8, 13, 1
1746.200000, 7, 12, 3, 18, 14
1749.200000, 2, 9, 16, 10, 4
1749.200000, 11, 17, 5
1749.200000, 15, 6
1749.200000, 8, 13, 1
1749.200000, 7, 12, 3, 18, 14
1752.200000, 2, 9, 16, 10, 4
1752.200000, 11, 17, 5
1752.200000, 15, 6
1752.200000, 8, 13, 1
1752.200000, 7, 12, 3, 18, 14
1755.200000, 2, 9, 16, 10, 4
1755.200000, 11, 17, 5
1755.200000, 15, 6
1755.200000, 8, 13, 1
1755.200000, 7, 12, 3, 18, 14
1758.200000, 2, 9, 16, 10, 4
1758.200000, 11, 17, 5
1758.200000, 15, 6
1758.200000, 8, 13, 1
1758.200000, 7, 12, 3, 18, 14
1761.200000, 2, 9, 16, 10, 4
1761.200000, 11, 17, 5
1761.200000, 15, 6
1761.200000, 8, 13, 1
1761.200000, 7, 12, 3, 18, 14
1764.200000, 2, 9, 16, 10, 4
1764.200000, 11, 17, 5
1764.200000, 15, 6
1764.200000, 8, 13, 1
1764.200000, 7, 12, 3, 18, 14
1767.200000, 2, 9, 16, 10, 4
1767.200000, 11, 17, 5
1767.200000, 15, 6
1767.200000, 8, 13, 1
1767.200000, 7, 12, 3, 18, 14
1770.200000, 2, 9, 16, 10, 4
1770.200000, 11, 17, 5
1770.200000, 15, 6
1770.200000, 8, 13, 1
1770.200000, 7, 12, 3, 18, 14
1773.200000, 2, 9, 16, 10, 4
1773.200000, 11, 17, 5
1773.200000, 15, 6
1773.200000, 8, 13, 1
1773.200000, 7, 12, 3, 18, 14
1776.200000, 2, 9, 16, 10, 4
1776.200000, 11, 17, 5
1776.200000, 15, 6
1776.200000, 8, 13, 1
1776.200000, 12, 3, 18, 14
1776.200000, 7
1779.200000, 2, 9, 16, 10, 4
1779.200000, 11, 17, 5
1779.200000, 15, 6
1779.200000, 8, 13, 1
1779.200000, 12, 3, 18, 14
1779.200000, 7
1782.200000, 2, 9, 16, 10, 4
1782.200000, 11, 17, 5
1782.200000, 15, 6
1782.200000, 8, 13, 7, 1
1782.200000, 12, 3, 18, 14
1785.200000, 2, 9, 16, 10, 4
1785.200000, 11, 17, 5
1785.200000, 15, 6
1785.200000, 8, 13, 7, 1
1785.200000, 12, 3, 18, 14
1788.200000, 2, 9, 16, 10, 4
1788.200000, 11, 17, 5
1788.200000, 15, 6
1788.200000, 8, 13, 7, 1
1788.200000, 12, 3, 18, 14
1791.200000, 2, 9, 16, 10, 4
1791.200000, 11, 17, 5
1791.200000, 15, 6
1791.200000, 8, 13, 7, 1
1791.200000, 12, 3, 18, 14
1794.200000, 2, 9, 16, 10, 4
1794.200000, 11, 17, 5
1794.200000, 15, 6
1794.200000, 8, 13, 7, 1
1794.200000, 12, 3, 18, 14
1797.200000, 2, 9, 16, 10, 4
1797.200000, 11, 17, 5
1797.200000, 15, 6
1797.200000, 8, 13, 7, 1
1797.200000, 12, 3, 18, 14
1800.200000, 2, 9, 16, 10, 4
1800.200000, 11, 17, 5
1800.200000, 15, 6
1800.200000, 8, 13, 7, 1
1800.200000, 12, 3, 18, 14
1803.200000, 2, 9, 16, 10, 4
1803.200000, 11, 17, 5
1803.200000, 15, 6
1803.200000, 8, 13, 7, 1
1803.200000, 12, 3, 18, 14
1806.200000, 2, 9, 16, 10, 4
1806.200000, 11, 17, 5
1806.200000, 15, 6
1806.200000, 8, 13, 7, 1
1806.200000, 12, 3, 18, 14
1809.200000, 2, 9, 16, 10, 4
1809.200000, 11, 17, 5
1809.200000, 15, 6
1809.200000, 8, 13, 7, 1
1809.200000, 12, 3, 18, 14
1812.200000, 2, 9, 16, 10, 4
1812.200000, 11, 17, 5
1812.200000, 15, 6
1812.200000, 8, 13, 7, 1
1812.200000, 12, 3, 18, 14
1815.200000, 2, 9, 16, 10, 4
1815.200000, 11, 17, 5
1815.200000, 15, 6
1815.200000, 8, 13, 7, 1
1815.200000, 12, 3, 18, 14
1818.200000, 2, 9, 16, 10, 4
1818.200000, 11, 17, 5
1818.200000, 15, 6
1818.200000, 8, 13, 7, 1
1818.200000, 12, 3, 18, 14
1821.200000, 2, 9, 16, 10, 4
1821.200000, 11, 17
1821.200000, 15, 6
1821.200000, 8, 13, 7, 1
1821.200000, 5
1821.200000, 12, 3, 18, 14
1824.200000, 2, 9, 16, 10, 4
1824.200000, 11, 17
1824.200000, 15, 6
1824.200000, 8, 13, 7, 1
1824.200000, 5
1824.200000, 12, 3, 18, 14
1827.200000, 2, 9, 16, 10, 4
1827.200000, 11, 17
1827.200000, 15, 6
1827.200000, 8, 13, 7, 1
1827.200000, 5
1827.200000, 12, 3, 18, 14
1830.200000, 2, 9, 16, 10, 4
1830.200000, 11, 17
1830.200000, 15, 6
1830.200000, 8, 13, 7, 1
1830.200000, 5
1830.200000, 12, 3, 18, 14
1833.200000, 2, 9, 16, 10, 4
1833.200000, 11, 17
1833.200000, 15, 6
1833.200000, 8, 13, 7, 1
1833.200000, 5
1833.200000, 12, 3, 18, 14
1836.200000, 2, 9, 16, 10, 4
1836.200000, 11, 17
1836.200000, 15, 6
1836.200000, 8, 13, 7, 1
1836.200000, 5
1836.200000, 12, 3, 18, 14
1839.200000, 2, 9, 16, 10, 4
1839.200000, 11, 17
1839.200000, 15, 6
1839.200000, 8, 13, 7, 1
1839.200000, 5
1839.200000, 12, 3, 18, 14
1842.200000, 2, 9, 16, 10, 4
1842.200000, 11, 17
1842.200000, 15, 6
1842.200000, 8, 13, 7, 1
1842.200000, 5
1842.200000, 12, 3, 18, 14
1845.200000, 2, 9, 16, 10, 4
1845.200000, 11, 17
1845.200000, 15, 6
1845.200000, 8, 13, 7, 1
1845.200000, 5
1845.200000, 12, 3, 18, 14
1848.200000, 2, 9, 16, 10, 4
1848.200000, 11, 17
1848.200000, 15, 6
1848.200000, 8, 13, 7, 1
1848.200000, 5
1848.200000, 12, 3, 18, 14
1851.200000, 2, 9, 16, 10, 4
1851.200000, 11, 17
1851.200000, 15, 6
1851.200000, 8, 13, 7, 1
1851.200000, 5
1851.200000, 12, 3, 18, 14
1854.200000, 2, 9, 16, 10, 4
1854.200000, 11, 17
1854.200000, 15, 6
1854.200000, 8, 13, 7, 1
1854.200000, 5
1854.200000, 12, 3, 18, 14
1857.200000, 2, 9, 16, 10, 4
1857.200000, 11, 17
1857.200000, 15, 6
1857.200000, 8, 13, 7, 1
1857.200000, 5
1857.200000, 12, 3, 18, 14
1860.200000, 2, 9, 16, 10, 4
1860.200000, 11, 17
1860.200000, 15, 6
1860.200000, 8, 13, 7, 1
1860.200000, 5
1860.200000, 12, 3, 18, 14
1863.200000, 11, 17
1863.200000, 15, 6
1863.200000, 8, 13, 7, 1
1863.200000, 2, 9, 16, 10, 5, 4
1863.200000, 12, 3, 18, 14
1866.200000, 11, 17
1866.200000, 15, 6
1866.200000, 8, 13, 7, 1
1866.200000, 2, 9, 16, 10, 5, 4
1866.200000, 12, 3, 18, 14
1869.200000, 15, 6
1869.200000, 8, 13, 7, 1
1869.200000, 2, 9, 16, 10, 5, 4
1869.200000, 12, 3, 18, 14
1869.200000, 11, 17
1872.200000, 15, 6
1872.200000, 8, 13, 7, 1
1872.200000, 2, 9, 16, 10, 5, 4
1872.200000, 11, 17
1872.200000, 12, 3, 18, 14
1875.200000, 11, 17
1875.200000, 15, 6
1875.200000, 8, 13, 7, 1
1875.200000, 2, 9, 16, 10, 5, 4
1875.200000, 12, 3, 18, 14
1878.200000, 11, 17
1878.200000, 15, 6
1878.200000, 8, 13, 7, 1
1878.200000, 2, 9, 16, 10, 5, 4
1878.200000, 12, 3, 18, 14
1881.200000, 11, 17
1881.200000, 15, 6
1881.200000, 8, 13, 7, 1
1881.200000, 2, 9, 16, 10, 5, 4
1881.200000, 12, 3, 18, 14
1884.200000, 11, 17
1884.200000, 15, 6
1884.200000, 8, 13, 7, 1
1884.200000, 2, 9, 16, 10, 5, 4
1884.200000, 12, 3, 18, 14
1887.200000, 11, 17
1887.200000, 15, 6
1887.200000, 8, 13, 7, 1
1887.200000, 2, 9, 16, 10, 5, 4
1887.200000, 12, 3, 18, 14
1890.200000, 17
1890.200000, 15, 6
1890.200000, 8, 13, 7, 1
1890.200000, 12, 3, 18, 14
1890.200000, 2, 9, 16, 10, 5, 4
1893.200000, 17
1893.200000, 15, 6
1893.200000, 8, 13, 7, 1
1893.200000, 12, 3, 18, 14
1893.200000, 2, 9, 16, 10, 5, 4
1896.200000, 17
1896.200000, 15, 6
1896.200000, 8, 13, 7, 1
1896.200000, 12, 3, 18, 14
1896.200000, 2, 9, 16, 10, 5, 4
1899.200000, 15, 6
1899.200000, 8, 13, 7, 1
1899.200000, 12, 3, 18, 14
1899.200000, 2, 9, 16, 10, 17, 5, 4
1902.200000, 15, 6
1902.200000, 17
1902.200000, 12, 3, 18, 14
1902.200000, 8, 13, 7, 1
1902.200000, 2, 9, 16, 10, 5, 4
1905.200000, 15, 6
1905.200000, 17
1905.200000, 12, 3, 18, 14
1905.200000, 8, 13, 7, 1
1905.200000, 2, 9, 16, 10, 5, 4
1908.200000, 15, 6
1908.200000, 17
1908.200000, 12, 3, 18, 14
1908.200000, 8, 13, 7, 1
1908.200000, 2, 9, 16, 10, 5, 4
1911.200000, 15, 6
1911.200000, 17
1911.200000, 12, 3, 18, 14
1911.200000, 8, 13, 7, 1
1911.200000, 2, 9, 16, 10, 5, 4
1914.200000, 15, 6
1914.200000, 12, 3, 18, 14
1914.200000, 8, 13, 7, 1, 17
1914.200000, 2, 9, 16, 10, 5, 4
1917.200000, 15, 6
1917.200000, 8, 13, 7, 1, 17
1917.200000, 12, 3, 18, 14
1917.200000, 2, 9, 16, 10, 5, 4
1920.200000, 15, 6
1920.200000, 12, 3, 18, 14
1920.200000, 8, 13, 7, 1, 17
1920.200000, 2, 9, 16, 10, 5, 4
1923.200000, 15, 6
1923.200000, 12, 3, 18, 14
1923.200000, 8, 13, 7, 1, 17
1923.200000, 2, 9, 16, 10, 5, 4
1926.200000, 15, 6
1926.200000, 12, 3, 18, 14
1926.200000, 8, 13, 7, 1, 17
1926.200000, 2, 9, 16, 10, 5, 4
1929.200000, 15, 6
1929.200000, 12, 3, 18, 14
1929.200000, 8, 13, 7, 1, 17
1929.200000, 2, 9, 16, 10, 5, 4
1932.200000, 15, 6
1932.200000, 2, 9, 16, 10, 5, 4
1932.200000, 12, 3, 18, 14
1932.200000, 8, 13, 7, 1, 17
